1,H4;H9;S5;D7;HQ;S6;SA;D4;H3;S9,1,D3,H4,SJ
1,H5;SQ;S4;S3;H6;C5;S8;C8;C4;D5,0,SJ,H5,DJ
1,HA;H4;H9;S5;D7;S6;SA;D4;H3;S9,1,DJ,HA,HQ
1,C3;H5;S4;S3;H6;C5;S8;C8;C4;D5,0,HQ,C3,SQ
1,C7;HA;H4;H9;S5;D7;S6;SA;D4;H3,1,SQ,C7,S9
1,DA;C3;H5;S4;S3;H6;C5;S8;C4;D5,0,S9,DA,C8
1,S7;C7;HA;H4;S5;D7;S6;SA;D4;H3,1,C8,S7,H9
1,S10;DA;C3;H5;S4;S3;H6;C5;C4;D5,0,H9,S10,S8
1,S8;S7;C7;HA;H4;S5;S6;SA;D4;H3,1,S8,S8,D7
1,HK;DA;C3;H5;S4;S3;H6;C5;C4;D5,0,D7,HK,S10
1,C2;S8;S7;HA;H4;S5;S6;SA;D4;H3,1,S10,C2,C7
1,D9;DA;C3;H5;S4;S3;H6;C5;C4;D5,0,C7,D9,HK
1,SK;C2;S8;S7;HA;H4;S5;S6;SA;H3,1,HK,SK,D4
1,D4;DA;C3;H5;S4;S3;H6;C5;C4;D5,0,D4,D4,D9
1,H2;C2;S8;S7;HA;H4;S5;S6;SA;H3,1,D9,H2,SK
1,CJ;D4;DA;C3;H5;S4;S3;C5;C4;D5,0,SK,CJ,H6
1,C10;H2;S8;S7;HA;H4;S5;S6;SA;H3,1,H6,C10,C2
1,C2;D4;DA;C3;H5;S4;S3;C5;C4;D5,0,C2,C2,CJ
1,D10;H2;S8;S7;HA;H4;S5;S6;SA;H3,1,CJ,D10,C10
1,D6;C2;D4;DA;C3;S4;S3;C5;C4;D5,0,C10,D6,H5
1,DK;H2;S8;S7;HA;H4;S5;S6;SA;H3,1,H5,DK,D10
1,H8;D6;C2;D4;DA;C3;S3;C5;C4;D5,0,D10,H8,S4
1,H10;H2;S8;S7;HA;H4;S5;S6;SA;H3,1,S4,H10,DK
1,C6;D6;C2;D4;DA;C3;S3;C5;C4;D5,0,DK,C6,H8
1,C9;H2;S8;S7;HA;H4;S5;S6;SA;H3,1,H8,C9,H10
1,HJ;C6;D6;C2;D4;DA;C3;C5;C4;D5,0,H10,HJ,S3
1,CA;H2;S8;S7;HA;H4;S5;S6;SA;H3,1,S3,CA,C9
1,H7;C6;D6;C2;D4;DA;C3;C5;C4;D5,0,C9,H7,HJ
1,CK;CA;H2;S8;S7;HA;H4;S5;S6;H3,1,HJ,CK,SA
1,SA;C6;D6;C2;D4;DA;C3;C5;C4;D5,0,SA,SA,H7
1,DQ;CA;H2;S8;S7;HA;H4;S5;S6;H3,1,H7,DQ,CK
1,S2;SA;C6;D6;C2;D4;C3;C5;C4;D5,0,CK,S2,DA
2,DJ;C9;D2;HJ;S9;SJ;H9;H4;DA;C2,0,HQ,DJ,H6
2,CQ;S8;C8;C3;C7;S7;S2;H5;H8;D3,1,H6,CQ,CK
2,D9;DJ;C9;D2;HJ;S9;SJ;H9;DA;C2,0,CK,D9,H4
3,HK;S3;H5;S2;HA;C2;H8;S7;HJ;SA,1,CJ,HK,C10
3,C7;C3;D3;SK;D9;SQ;H4;C5;D6;D5,0,C10,C7,D10
3,CA;HK;S3;H5;S2;HA;C2;H8;S7;SA,1,D10,CA,HJ
3,H7;C7;C3;D3;SK;D9;H4;C5;D6;D5,0,HJ,H7,SQ
3,H10;CA;S3;H5;S2;HA;C2;H8;S7;SA,1,SQ,H10,HK
3,C6;H7;C7;C3;D3;D9;H4;C5;D6;D5,0,HK,C6,SK
3,S9;CA;S3;H5;S2;HA;C2;H8;S7;SA,1,SK,S9,H10
3,D8;C6;H7;C7;C3;D3;H4;C5;D6;D5,0,H10,D8,D9
3,S8;CA;S3;H5;S2;HA;C2;H8;S7;SA,1,D9,S8,S9
3,C8;C6;H7;C7;C3;D3;H4;C5;D6;D5,0,S9,C8,D8
3,D8;S8;CA;S3;H5;S2;HA;C2;S7;SA,1,D8,D8,H8
3,S4;C8;C6;C7;C3;D3;H4;C5;D6;D5,0,H8,S4,H7
3,D7;D8;CA;S3;H5;S2;HA;C2;S7;SA,1,H7,D7,S8
3,H2;S4;C8;C6;C7;C3;D3;H4;C5;D5,0,S8,H2,D6
3,D6;D7;CA;S3;H5;S2;HA;C2;S7;SA,1,D6,D6,D8
3,CK;H2;S4;C8;C6;C7;C3;D3;H4;C5,0,D8,CK,D5
3,D5;D6;D7;CA;S3;H5;S2;HA;C2;SA,1,D5,D5,S7
3,D4;H2;S4;C8;C6;C7;C3;D3;H4;C5,0,S7,D4,CK
3,S10;D5;D6;D7;CA;S3;S2;HA;C2;SA,1,CK,S10,H5
3,H5;D4;H2;S4;C8;C6;C7;C3;H4;C5,0,H5,H5,D3
3,S6;D5;D6;D7;CA;S3;S2;HA;C2;SA,1,D3,S6,S10
3,C9;D4;H2;S4;C8;C6;C7;C3;H4;C5,0,S10,C9,H5
3,HQ;D5;D6;D7;CA;S3;S2;HA;C2;SA,1,H5,HQ,S6
3,S6;C9;D4;H2;S4;C8;C6;C7;H4;C5,0,S6,S6,C3
3,C3;D5;D6;D7;CA;S3;S2;HA;C2;SA,1,C3,C3,HQ
3,H3;C9;D4;H2;S4;C8;C6;C7;H4;C5,0,HQ,H3,S6
3,DK;C3;D5;D6;D7;CA;S3;S2;C2;SA,1,S6,DK,HA
3,HA;H3;C9;D4;S4;C8;C6;C7;H4;C5,0,HA,HA,H2
3,D2;C3;D5;D6;D7;CA;S3;S2;C2;SA,1,H2,D2,DK
3,C4;HA;C9;D4;S4;C8;C6;C7;H4;C5,0,DK,C4,H3
4,C5;H4;H8;D5;HK;C6;SQ;D3;S5;S2,1,C5,C5,SK
4,H5;H6;CK;C3;H7;DA;D4;H2;C7;S4,0,SK,H5,DQ
4,D8;C5;H4;H8;D5;HK;C6;D3;S5;S2,1,DQ,D8,SQ
4,S3;H5;H6;C3;H7;DA;D4;H2;C7;S4,0,SQ,S3,CK
4,CA;D8;C5;H4;H8;D5;C6;D3;S5;S2,1,CK,CA,HK
4,HQ;S3;H5;H6;C3;H7;DA;D4;H2;S4,0,HK,HQ,C7
4,D10;CA;D8;C5;H4;D5;C6;D3;S5;S2,1,C7,D10,H8
4,H8;S3;H5;H6;C3;H7;DA;D4;H2;S4,0,H8,H8,HQ
4,HA;CA;D8;C5;H4;D5;C6;D3;S5;S2,1,HQ,HA,D10
4,SJ;H8;S3;H5;H6;C3;H7;DA;D4;H2,0,D10,SJ,S4
4,S9;HA;CA;C5;H4;D5;C6;D3;S5;S2,1,S4,S9,D8
4,C4;H8;S3;H5;H6;C3;H7;DA;D4;H2,0,D8,C4,SJ
4,C9;HA;CA;C5;H4;D5;C6;D3;S5;S2,1,SJ,C9,S9
4,D2;C4;H8;S3;H5;H6;C3;H7;DA;H2,0,S9,D2,D4
4,H9;HA;CA;C5;H4;D5;C6;D3;S5;S2,1,D4,H9,C9
4,C10;D2;H8;S3;H5;H6;C3;H7;DA;H2,0,C9,C10,C4
4,SA;HA;CA;C5;H4;D5;C6;D3;S5;S2,1,C4,SA,H9
4,H9;D2;H8;S3;H5;H6;C3;H7;DA;H2,0,H9,H9,C10
4,HJ;SA;HA;CA;C5;H4;D5;D3;S5;S2,1,C10,HJ,C6
4,C6;H9;D2;H8;S3;H5;H6;H7;DA;H2,0,C6,C6,C3
4,D6;SA;HA;CA;C5;H4;D5;D3;S5;S2,1,C3,D6,HJ
4,C2;H9;D2;H8;S3;H5;H6;H7;DA;H2,0,HJ,C2,C6
4,S8;SA;HA;CA;C5;H4;D5;D3;S5;S2,1,C6,S8,D6
4,D6;C2;H9;D2;H8;H5;H6;H7;DA;H2,0,D6,D6,S3
4,D7;SA;HA;CA;C5;H4;D5;D3;S5;S2,1,S3,D7,S8
4,H3;C2;H9;D2;H8;H5;H6;H7;DA;H2,0,S8,H3,D6
4,DJ;SA;HA;CA;C5;H4;D5;D3;S5;S2,1,D6,DJ,D7
4,S7;C2;H9;D2;H8;H5;H6;H7;DA;H2,0,D7,S7,H3
4,D9;SA;HA;CA;C5;H4;D5;D3;S5;S2,1,H3,D9,DJ
4,DK;C2;H9;D2;H8;H5;H6;H7;DA;H2,0,DJ,DK,S7
4,H10;SA;HA;CA;C5;H4;D5;D3;S5;S2,1,S7,H10,D9
4,S6;C2;H9;D2;H8;H5;H6;H7;DA;H2,0,D9,S6,DK
4,C8;SA;HA;CA;C5;H4;D5;D3;S5;S2,1,DK,C8,H10
4,H10;C2;H9;D2;H8;H5;H6;H7;DA;H2,0,H10,H10,S6
4,S10;SA;HA;CA;C5;H4;D5;D3;S5;S2,1,S6,S10,C8
4,CJ;H10;C2;H9;D2;H8;H5;H6;H7;H2,0,C8,CJ,DA
4,CQ;SA;HA;CA;C5;H4;D5;D3;S5;S2,1,DA,CQ,S10
5,S7;S8;S2;D9;H7;S6;C7;CJ;HA;H5,0,S7,S7,HJ
5,HJ;S4;HK;DK;C10;HQ;SA;H9;D8;H6,1,HJ,HJ,SJ
5,DJ;S7;S8;S2;D9;H7;S6;C7;HA;H5,0,SJ,DJ,CJ
5,CK;HJ;S4;HK;DK;HQ;SA;H9;D8;H6,1,CJ,CK,C10
5,D2;S7;S8;S2;D9;H7;S6;C7;HA;H5,0,C10,D2,DJ
5,SK;CK;HJ;S4;HK;HQ;SA;H9;D8;H6,1,DJ,SK,DK
5,C4;D2;S7;S8;S2;H7;S6;C7;HA;H5,0,DK,C4,D9
5,H3;SK;HJ;S4;HK;HQ;SA;H9;D8;H6,1,D9,H3,CK
5,CA;C4;D2;S7;S8;S2;H7;S6;HA;H5,0,CK,CA,C7
5,D7;H3;HJ;S4;HK;HQ;SA;H9;D8;H6,1,C7,D7,SK
5,SQ;CA;C4;D2;S7;S8;S2;S6;HA;H5,0,SK,SQ,H7
5,H10;D7;H3;HJ;S4;HK;HQ;SA;D8;H6,1,H7,H10,H9
5,C3;CA;C4;D2;S7;S8;S2;S6;HA;H5,0,H9,C3,SQ
5,D6;H10;D7;H3;HJ;S4;HK;HQ;SA;H6,1,SQ,D6,D8
5,C8;C3;CA;C4;D2;S7;S8;S2;S6;HA,0,D8,C8,H5
5,C2;D6;H10;H3;HJ;S4;HK;HQ;SA;H6,1,H5,C2,D7
5,C5;C3;CA;C4;D2;S7;S8;S2;S6;HA,0,D7,C5,C8
5,D4;C2;D6;H10;H3;HJ;S4;HK;HQ;SA,1,C8,D4,H6
5,H6;C5;C3;CA;C4;D2;S7;S8;S6;HA,0,H6,H6,S2
5,H8;D4;C2;H10;H3;HJ;S4;HK;HQ;SA,1,S2,H8,D6
5,D6;C5;C3;CA;C4;D2;S7;S8;S6;HA,0,D6,D6,H6
5,S9;D4;C2;H10;H3;HJ;S4;HK;HQ;SA,1,H6,S9,H8
5,DQ;C5;C3;CA;C4;D2;S7;S8;S6;HA,0,H8,DQ,D6
5,D5;D4;C2;H10;H3;HJ;S4;HK;HQ;SA,1,D6,D5,S9
5,S9;C5;C3;CA;C4;D2;S7;S8;S6;HA,0,S9,S9,DQ
5,C9;D4;C2;H10;H3;HJ;S4;HK;HQ;SA,1,DQ,C9,D5
5,D5;S9;C5;C3;CA;C4;S7;S8;S6;HA,0,D5,D5,D2
5,CQ;D4;C2;H10;H3;HJ;S4;HK;HQ;SA,1,D2,CQ,C9
5,DA;S9;C5;C3;CA;C4;S7;S8;S6;HA,0,C9,DA,D5
