1,C6;D7;SQ;HK;C5;SJ;SA;H3;HJ;DK,0,C10,C6,CJ
1,H4;DA;C7;D3;CA;H5;S5;S7;DQ;S10,1,CJ,H4,DJ
1,S4;D7;SQ;HK;C5;SJ;SA;H3;HJ;DK,0,DJ,S4,C6
1,C9;H4;DA;C7;D3;CA;H5;S5;S7;DQ,1,C6,C9,S10
1,D10;D7;SQ;HK;C5;SJ;SA;H3;HJ;DK,0,S10,D10,S4
1,H9;C9;H4;DA;C7;D3;CA;H5;S5;S7,1,S4,H9,DQ
1,S8;D7;SQ;HK;C5;SJ;SA;H3;HJ;DK,0,DQ,S8,D10
1,SK;H9;H4;DA;C7;D3;CA;H5;S5;S7,1,D10,SK,C9
1,S6;D7;SQ;HK;C5;SJ;SA;H3;HJ;DK,0,C9,S6,S8
1,CK;H9;H4;DA;C7;D3;CA;H5;S5;S7,1,S8,CK,SK
1,C2;D7;SQ;HK;C5;SJ;SA;H3;HJ;DK,0,SK,C2,S6
1,S6;H9;H4;DA;C7;D3;CA;H5;S5;S7,1,S6,S6,CK
1,H6;D7;SQ;HK;C5;SJ;SA;H3;HJ;DK,0,CK,H6,C2
1,S9;S6;H4;DA;C7;D3;CA;H5;S5;S7,1,C2,S9,H9
1,C3;D7;SQ;HK;C5;SJ;SA;H3;HJ;DK,0,H9,C3,H6
1,H6;S6;H4;DA;C7;D3;CA;H5;S5;S7,1,H6,H6,S9
1,C4;D7;SQ;HK;C5;SJ;SA;H3;HJ;DK,0,S9,C4,C3
1,D8;H6;S6;H4;DA;D3;CA;H5;S5;S7,1,C3,D8,C7
1,S3;D7;SQ;HK;C5;SJ;SA;H3;HJ;DK,0,C7,S3,C4
1,HA;H6;S6;H4;DA;D3;CA;H5;S5;S7,1,C4,HA,D8
1,HQ;D7;SQ;HK;C5;SJ;SA;H3;HJ;DK,0,D8,HQ,S3
1,D9;HA;H6;S6;H4;DA;CA;H5;S5;S7,1,S3,D9,D3
1,H2;D7;SQ;HK;C5;SJ;SA;H3;HJ;DK,0,D3,H2,HQ
1,D6;HA;H6;S6;H4;DA;CA;H5;S5;S7,1,HQ,D6,D9
1,S2;D7;SQ;HK;C5;SJ;SA;H3;HJ;DK,0,D9,S2,H2
1,H7;HA;H6;S6;H4;DA;CA;H5;S5;S7,1,H2,H7,D6
1,D5;D7;SQ;HK;C5;SJ;SA;H3;HJ;DK,0,D6,D5,S2
1,D4;H7;HA;H6;S6;H4;DA;CA;H5;S5,1,S2,D4,S7
1,D2;D7;SQ;HK;C5;SJ;SA;H3;HJ;DK,0,S7,D2,D5
1,H8;D4;H7;HA;H6;H4;DA;CA;H5;S5,1,D5,H8,S6
1,C8;D7;SQ;HK;C5;SJ;SA;H3;HJ;DK,0,S6,C8,D2
1,H10;H8;D4;H7;HA;H6;H4;DA;CA;H5,1,D2,H10,S5
1,CQ;D7;SQ;HK;C5;SJ;SA;H3;HJ;DK,0,S5,CQ,C8
2,D10;C2;D2;H5;S4;D5;H3;S5;D7;DA,1,S7,D10,CJ
2,SJ;D3;DK;C3;DQ;D6;C9;C6;H8;H2,0,CJ,SJ,C5
2,C5;C2;D2;H5;S4;D5;H3;S5;D7;DA,1,C5,C5,D10
2,C8;D3;DK;C3;DQ;D6;C9;C6;H8;H2,0,D10,C8,SJ
2,S6;C5;C2;D2;H5;S4;D5;H3;S5;DA,1,SJ,S6,D7
2,D4;D3;DK;C3;DQ;D6;C9;C6;H8;H2,0,D7,D4,C8
2,S3;S6;C5;C2;D2;H5;S4;D5;S5;DA,1,C8,S3,H3
2,H4;D3;DK;C3;DQ;D6;C9;C6;H8;H2,0,H3,H4,D4
2,H7;S3;S6;C5;C2;H5;S4;D5;S5;DA,1,D4,H7,D2
2,CK;D3;DK;C3;DQ;D6;C9;C6;H8;H2,0,D2,CK,H4
2,SK;S3;S6;C5;C2;H5;S4;D5;S5;DA,1,H4,SK,H7
2,D9;D3;DK;C3;DQ;D6;C9;C6;H8;H2,0,H7,D9,CK
2,C7;S3;S6;C5;C2;H5;S4;D5;S5;DA,1,CK,C7,SK
2,CA;D3;DK;C3;DQ;D6;C9;C6;H8;H2,0,SK,CA,D9
2,CQ;S3;S6;C5;C2;H5;S4;D5;S5;DA,1,D9,CQ,C7
2,S8;D3;DK;C3;DQ;D6;C9;C6;H8;H2,0,C7,S8,CA
2,H9;S3;S6;C5;C2;H5;S4;D5;S5;DA,1,CA,H9,CQ
2,C4;D3;DK;C3;DQ;D6;C9;C6;H8;H2,0,CQ,C4,S8
2,S10;S3;S6;C5;C2;H5;S4;D5;S5;DA,1,S8,S10,H9
2,DJ;D3;DK;C3;DQ;D6;C9;C6;H8;H2,0,H9,DJ,C4
2,SQ;S3;S6;C5;C2;H5;S4;D5;S5;DA,1,C4,SQ,S10
2,HA;D3;DK;C3;DQ;D6;C9;C6;H8;H2,0,S10,HA,DJ
2,D8;S3;S6;C5;C2;H5;S4;D5;S5;DA,1,DJ,D8,SQ
2,S2;D3;DK;C3;DQ;D6;C9;C6;H8;H2,0,SQ,S2,HA
2,S9;S3;S6;C5;C2;H5;S4;D5;S5;DA,1,HA,S9,D8
2,C10;D3;DK;C3;DQ;D6;C9;C6;H8;H2,0,D8,C10,S2
2,S2;S3;S6;C5;C2;H5;S4;D5;S5;DA,1,S2,S2,S9
2,SA;D3;DK;C3;DQ;D6;C9;C6;H8;H2,0,S9,SA,C10
2,H6;S2;S3;S6;C5;H5;S4;D5;S5;DA,1,C10,H6,C2
2,HJ;D3;DK;C3;DQ;D6;C9;C6;H8;H2,0,C2,HJ,SA
2,H10;S2;S3;S6;C5;H5;S4;D5;S5;DA,1,SA,H10,H6
2,HK;D3;DK;C3;DQ;D6;C9;C6;H8;H2,0,H6,HK,HJ
2,HQ;S2;S3;S6;C5;H5;S4;D5;S5;DA,1,HJ,HQ,H10
