1,CJ;C3;H4;S3;HQ;CA;DJ;S2;HA;C7,1,CJ,CJ,SJ
1,SJ;DA;C6;S7;H8;C5;H7;D7;S8;H6,0,SJ,SJ,H10
1,S5;CJ;C3;H4;S3;HQ;CA;S2;HA;C7,1,H10,S5,DJ
1,DJ;DA;C6;S7;H8;C5;H7;D7;S8;H6,0,DJ,DJ,SJ
1,HK;S5;CJ;C3;H4;S3;CA;S2;HA;C7,1,SJ,HK,HQ
1,HQ;DA;C6;S7;H8;C5;H7;D7;S8;H6,0,HQ,HQ,DJ
1,D4;HK;S5;C3;H4;S3;CA;S2;HA;C7,1,DJ,D4,CJ
1,CJ;DA;C6;S7;H8;C5;H7;D7;S8;H6,0,CJ,CJ,HQ
1,H9;D4;S5;C3;H4;S3;CA;S2;HA;C7,1,HQ,H9,HK
1,HK;DA;C6;S7;H8;C5;H7;D7;S8;H6,0,HK,HK,CJ
1,DK;D4;S5;C3;H4;S3;CA;S2;HA;C7,1,CJ,DK,H9
1,H9;DA;C6;S7;H8;C5;H7;D7;S8;H6,0,H9,H9,HK
1,SK;D4;S5;C3;H4;S3;CA;S2;HA;C7,1,HK,SK,DK
1,DK;H9;DA;C6;S7;H8;C5;H7;D7;H6,0,DK,DK,S8
1,CQ;D4;S5;C3;H4;S3;CA;S2;HA;C7,1,S8,CQ,SK
1,SK;H9;DA;C6;S7;H8;C5;H7;D7;H6,0,SK,SK,DK
1,S9;D4;S5;C3;H4;S3;CA;S2;HA;C7,1,DK,S9,CQ
1,CQ;H9;DA;C6;S7;H8;C5;H7;D7;H6,0,CQ,CQ,SK
1,D3;D4;S5;C3;H4;S3;CA;S2;HA;C7,1,SK,D3,S9
1,S9;H9;DA;C6;S7;H8;C5;H7;D7;H6,0,S9,S9,CQ
1,HJ;D3;D4;S5;C3;H4;S3;CA;S2;HA,1,CQ,HJ,C7
1,D8;H9;DA;C6;S7;H8;C5;H7;D7;H6,0,C7,D8,S9
1,S10;D3;D4;S5;C3;H4;S3;CA;S2;HA,1,S9,S10,HJ
1,HJ;H9;DA;C6;S7;H8;C5;H7;D7;H6,0,HJ,HJ,D8
1,D2;D3;D4;S5;C3;H4;S3;CA;S2;HA,1,D8,D2,S10
1,S10;H9;DA;C6;S7;H8;C5;H7;D7;H6,0,S10,S10,HJ
1,D6;D2;D3;D4;C3;H4;S3;CA;S2;HA,1,HJ,D6,S5
1,S5;H9;DA;C6;S7;H8;C5;H7;D7;H6,0,S5,S5,S10
1,C8;D2;D3;D4;C3;H4;S3;CA;S2;HA,1,S10,C8,D6
1,D6;S5;H9;DA;C6;S7;H8;C5;H7;H6,0,D6,D6,D7
1,CK;D2;D3;D4;C3;H4;S3;CA;S2;HA,1,D7,CK,C8
1,C8;D6;S5;H9;DA;C6;H8;C5;H7;H6,0,C8,C8,S7
1,S4;D2;D3;D4;C3;H4;S3;CA;S2;HA,1,S7,S4,CK
1,CK;D6;S5;H9;DA;C6;H8;C5;H7;H6,0,CK,CK,C8
1,C9;S4;D2;D3;D4;C3;S3;CA;S2;HA,1,C8,C9,H4
1,H4;D6;S5;H9;DA;C6;H8;C5;H7;H6,0,H4,H4,CK
1,SQ;S4;D2;D3;D4;C3;S3;CA;S2;HA,1,CK,SQ,C9
1,C9;H4;S5;H9;DA;C6;H8;C5;H7;H6,0,C9,C9,D6
1,C4;S4;D2;D3;D4;C3;S3;CA;S2;HA,1,D6,C4,SQ
1,SQ;H4;S5;H9;DA;C6;H8;C5;H7;H6,0,SQ,SQ,C9
1,DQ;S4;D2;D3;D4;C3;S3;CA;S2;HA,1,C9,DQ,C4
1,SA;H4;S5;H9;DA;C6;H8;C5;H7;H6,0,C4,SA,SQ
1,D10;S4;D2;D3;D4;C3;S3;CA;S2;HA,1,SQ,D10,DQ
1,DQ;SA;H4;S5;H9;DA;H8;C5;H7;H6,0,DQ,DQ,C6
1,H2;S4;D2;D3;D4;C3;S3;CA;S2;HA,1,C6,H2,D10
1,D10;SA;H4;S5;H9;DA;H8;C5;H7;H6,0,D10,D10,DQ
1,H5;H2;S4;D2;D3;D4;S3;CA;S2;HA,1,DQ,H5,C3
1,C3;SA;H4;S5;H9;DA;H8;C5;H7;H6,0,C3,C3,D10
1,S6;H2;S4;D2;D3;D4;S3;CA;S2;HA,1,D10,S6,H5
1,C2;C3;SA;H4;H9;DA;H8;C5;H7;H6,0,H5,C2,S5
1,D9;H2;S4;D2;D3;D4;S3;CA;S2;HA,1,S5,D9,S6
1,S6;C2;C3;SA;H4;H9;DA;H8;H7;H6,0,S6,S6,C5
1,C10;H2;S4;D2;D3;D4;S3;CA;S2;HA,1,C5,C10,D9
1,D9;C2;C3;SA;H4;H9;DA;H8;H7;H6,0,D9,D9,S6
1,D5;H2;S4;D2;D3;D4;S3;CA;S2;HA,1,S6,D5,C10
1,C10;C2;C3;SA;H4;H9;DA;H8;H7;H6,0,C10,C10,D9
1,H3;D5;H2;D2;D3;D4;S3;CA;S2;HA,1,D9,H3,S4
2,H4;DQ;C5;C6;H6;H8;D7;S8;S9;C7,1,DA,H4,H10
2,H10;C4;D5;H3;C3;C8;SA;C2;D4;C9,0,H10,H10,DJ
2,S10;H4;C5;C6;H6;H8;D7;S8;S9;C7,1,DJ,S10,DQ
2,DQ;C4;D5;H3;C3;C8;SA;C2;D4;C9,0,DQ,DQ,H10
2,CK;S10;H4;C5;C6;H6;D7;S8;S9;C7,1,H10,CK,H8
2,H8;C4;D5;H3;C3;C8;SA;C2;D4;C9,0,H8,H8,DQ
2,S2;S10;H4;C5;C6;H6;D7;S8;S9;C7,1,DQ,S2,CK
2,CK;H8;C4;D5;H3;C3;C8;SA;C2;D4,0,CK,CK,C9
2,SJ;S2;S10;H4;C5;C6;H6;S8;S9;C7,1,C9,SJ,D7
2,D7;H8;C4;D5;H3;C3;C8;SA;C2;D4,0,D7,D7,CK
2,D8;SJ;S2;S10;H4;C5;C6;H6;S8;S9,1,CK,D8,C7
2,C7;D7;C4;D5;H3;C3;C8;SA;C2;D4,0,C7,C7,H8
2,HQ;SJ;S2;S10;H4;C5;C6;H6;S8;S9,1,H8,HQ,D8
2,S5;C7;D7;C4;D5;H3;C3;SA;C2;D4,0,D8,S5,C8
2,HJ;SJ;S2;S10;H4;C5;C6;H6;S8;S9,1,C8,HJ,HQ
2,HQ;S5;C7;C4;D5;H3;C3;SA;C2;D4,0,HQ,HQ,D7
2,CJ;SJ;S2;S10;H4;C5;C6;H6;S8;S9,1,D7,CJ,HJ
2,HJ;S5;C7;C4;D5;H3;C3;SA;C2;D4,0,HJ,HJ,HQ
2,D9;SJ;S2;S10;H4;C5;C6;H6;S8;S9,1,HQ,D9,CJ
2,CJ;S5;C7;C4;D5;H3;C3;SA;C2;D4,0,CJ,CJ,HJ
2,D10;SJ;S2;S10;H4;C5;C6;H6;S8;S9,1,HJ,D10,D9
2,D9;S5;C7;C4;D5;H3;C3;SA;C2;D4,0,D9,D9,CJ
2,S4;SJ;S2;S10;H4;C5;C6;H6;S8;S9,1,CJ,S4,D10
2,D10;S5;C7;C4;D5;H3;C3;SA;C2;D4,0,D10,D10,D9
2,H9;S4;SJ;S2;S10;H4;C5;C6;S8;S9,1,D9,H9,H6
2,H6;S5;C7;C4;D5;H3;C3;SA;C2;D4,0,H6,H6,D10
2,HK;S4;SJ;S2;S10;H4;C5;C6;S8;S9,1,D10,HK,H9
2,H9;H6;S5;C4;D5;H3;C3;SA;C2;D4,0,H9,H9,C7
2,H7;S4;SJ;S2;S10;H4;C5;C6;S8;S9,1,C7,H7,HK
2,HK;H6;S5;C4;D5;H3;C3;SA;C2;D4,0,HK,HK,H9
2,D2;S4;SJ;S2;S10;H4;C5;C6;S8;S9,1,H9,D2,H7
2,H7;H6;S5;C4;D5;H3;C3;SA;C2;D4,0,H7,H7,HK
2,S3;D2;S4;SJ;S2;S10;H4;C5;S8;S9,1,HK,S3,C6
2,C6;H6;S5;C4;D5;H3;C3;SA;C2;D4,0,C6,C6,H7
2,HA;S3;D2;S4;SJ;S2;S10;H4;S8;S9,1,H7,HA,C5
2,S6;C6;H6;S5;C4;H3;C3;SA;C2;D4,0,C5,S6,D5
2,SK;HA;S3;D2;S4;SJ;S2;S10;S8;S9,1,D5,SK,H4
2,H4;S6;C6;H6;C4;H3;C3;SA;C2;D4,0,H4,H4,S5
2,S5;HA;S3;D2;S4;SJ;S2;S10;S8;S9,1,S5,S5,SK
2,SK;H4;S6;C6;H6;C4;H3;SA;C2;D4,0,SK,SK,C3
2,DK;S5;HA;S3;S4;SJ;S2;S10;S8;S9,1,C3,DK,D2
2,D2;H4;S6;C6;H6;C4;H3;SA;C2;D4,0,D2,D2,SK
2,H5;S5;HA;S3;S4;SJ;S2;S10;S8;S9,1,SK,H5,DK
2,DK;D2;H4;S6;C6;H6;C4;SA;C2;D4,0,DK,DK,H3
2,CA;S5;HA;S3;S4;SJ;S2;S10;S8;S9,1,H3,CA,H5
2,H5;D2;H4;S6;C6;H6;C4;SA;C2;D4,0,H5,H5,DK
2,H2;CA;S5;S3;S4;SJ;S2;S10;S8;S9,1,DK,H2,HA
2,HA;D2;H4;S6;C6;H6;C4;SA;C2;D4,0,HA,HA,H5
3,S2;S7;H2;SK;CQ;D6;D10;C9;S4;S9,1,H8,S2,CJ
3,CJ;H9;H3;C10;C3;D7;D5;HQ;C8;C2,0,CJ,CJ,HK
3,DK;S2;S7;H2;SK;CQ;D6;C9;S4;S9,1,HK,DK,D10
3,D10;CJ;H9;H3;C10;C3;D7;D5;C8;C2,0,D10,D10,HQ
3,H6;DK;S2;S7;H2;SK;D6;C9;S4;S9,1,HQ,H6,CQ
3,DQ;D10;CJ;H9;H3;C3;D7;D5;C8;C2,0,CQ,DQ,C10
3,D4;H6;DK;S2;S7;H2;D6;C9;S4;S9,1,C10,D4,SK
3,SK;D10;CJ;H9;H3;C3;D7;D5;C8;C2,0,SK,SK,DQ
3,CA;D4;H6;S2;S7;H2;D6;C9;S4;S9,1,DQ,CA,DK
3,DK;D10;CJ;H9;H3;C3;D7;D5;C8;C2,0,DK,DK,SK
3,S8;CA;D4;H6;S2;S7;H2;D6;C9;S4,1,SK,S8,S9
3,S9;D10;CJ;H9;H3;C3;D7;D5;C8;C2,0,S9,S9,DK
3,S5;S8;CA;D4;H6;S2;S7;H2;D6;S4,1,DK,S5,C9
3,D8;S9;CJ;H9;H3;C3;D7;D5;C8;C2,0,C9,D8,D10
3,C6;S5;CA;D4;H6;S2;S7;H2;D6;S4,1,D10,C6,S8
3,S8;D8;S9;H9;H3;C3;D7;D5;C8;C2,0,S8,S8,CJ
3,H4;C6;S5;CA;D4;H6;S2;H2;D6;S4,1,CJ,H4,S7
3,S7;S8;D8;H9;H3;C3;D7;D5;C8;C2,0,S7,S7,S9
3,H5;H4;C6;CA;D4;H6;S2;H2;D6;S4,1,S9,H5,S5
3,S5;S7;S8;D8;H3;C3;D7;D5;C8;C2,0,S5,S5,H9
3,SQ;H5;H4;C6;CA;D4;H6;S2;H2;S4,1,H9,SQ,D6
3,DA;S5;S7;S8;D8;H3;C3;D5;C8;C2,0,D6,DA,D7
3,D2;H5;H4;C6;CA;D4;H6;S2;H2;S4,1,D7,D2,SQ
3,SQ;DA;S5;S8;D8;H3;C3;D5;C8;C2,0,SQ,SQ,S7
3,S6;D2;H5;H4;CA;D4;H6;S2;H2;S4,1,S7,S6,C6
3,C6;DA;S5;S8;D8;H3;C3;D5;C8;C2,0,C6,C6,SQ
3,C7;D2;H5;H4;CA;D4;H6;S2;H2;S4,1,SQ,C7,S6
3,S6;DA;S5;S8;D8;H3;C3;D5;C8;C2,0,S6,S6,C6
3,H10;D2;H5;H4;CA;D4;H6;S2;H2;S4,1,C6,H10,C7
3,C7;DA;S5;S8;D8;H3;C3;D5;C8;C2,0,C7,C7,S6
3,SJ;D2;H5;H4;CA;D4;H6;S2;H2;S4,1,S6,SJ,H10
3,H10;DA;S5;S8;D8;H3;C3;D5;C8;C2,0,H10,H10,C7
3,C5;D2;H5;H4;CA;D4;H6;S2;H2;S4,1,C7,C5,SJ
3,SJ;DA;S5;S8;D8;H3;C3;D5;C8;C2,0,SJ,SJ,H10
3,D3;D2;H5;H4;CA;D4;H6;S2;H2;S4,1,H10,D3,C5
3,S10;DA;S5;S8;D8;H3;C3;D5;C8;C2,0,C5,S10,SJ
3,CK;D3;D2;H5;H4;CA;D4;H6;S2;H2,1,SJ,CK,S4
3,S4;DA;S5;S8;D8;H3;C3;D5;C8;C2,0,S4,S4,S10
3,C4;D3;D2;H5;H4;CA;D4;H6;S2;H2,1,S10,C4,CK
3,CK;S4;DA;S5;S8;D8;H3;C3;C8;C2,0,CK,CK,D5
3,H7;D3;D2;H5;H4;CA;D4;H6;S2;H2,1,D5,H7,C4
3,SA;S4;DA;S5;S8;D8;H3;C3;C8;C2,0,C4,SA,CK
3,HJ;H7;D3;D2;H5;H4;CA;H6;S2;H2,1,CK,HJ,D4
3,D4;SA;S4;DA;S8;D8;H3;C3;C8;C2,0,D4,D4,S5
3,DJ;H7;D3;D2;H5;H4;CA;H6;S2;H2,1,S5,DJ,HJ
3,HJ;SA;S4;DA;S8;D8;H3;C3;C8;C2,0,HJ,HJ,D4
3,D9;H7;D3;D2;H5;H4;CA;H6;S2;H2,1,D4,D9,DJ
3,DJ;SA;S4;DA;S8;D8;H3;C3;C8;C2,0,DJ,DJ,HJ
3,S3;H7;D3;D2;H5;H4;CA;H6;S2;H2,1,HJ,S3,D9
3,D9;SA;S4;DA;S8;D8;H3;C3;C8;C2,0,D9,D9,DJ
3,HA;S3;H7;D2;H5;H4;CA;H6;S2;H2,1,DJ,HA,D3
4,H5;DQ;DJ;D10;SK;H9;DK;H2;C8;H4,1,D6,H5,CK
4,CK;C4;D2;SA;D7;S2;S5;SQ;C2;H7,0,CK,CK,C10
4,D5;H5;DQ;DJ;D10;H9;DK;H2;C8;H4,1,C10,D5,SK
4,SK;C4;D2;SA;D7;S2;S5;SQ;C2;H7,0,SK,SK,CK
4,H8;D5;H5;DQ;DJ;D10;DK;H2;C8;H4,1,CK,H8,H9
4,H9;C4;D2;SA;D7;S2;S5;SQ;C2;H7,0,H9,H9,SK
4,H10;H8;D5;H5;DQ;DJ;D10;DK;H2;H4,1,SK,H10,C8
4,C8;H9;C4;D2;SA;D7;S2;S5;C2;H7,0,C8,C8,SQ
4,DA;H8;D5;H5;DQ;DJ;D10;DK;H2;H4,1,SQ,DA,H10
4,H10;C8;C4;D2;SA;D7;S2;S5;C2;H7,0,H10,H10,H9
4,H3;DA;D5;H5;DQ;DJ;D10;DK;H2;H4,1,H9,H3,H8
4,CQ;C8;C4;D2;SA;D7;S2;S5;C2;H7,0,H8,CQ,H10
4,S7;H3;DA;H5;DQ;DJ;D10;DK;H2;H4,1,H10,S7,D5
4,D5;C8;C4;D2;SA;D7;S2;S5;C2;H7,0,D5,D5,CQ
4,D4;H3;DA;H5;DQ;DJ;D10;DK;H2;H4,1,CQ,D4,S7
4,S4;D5;C4;D2;SA;D7;S2;S5;C2;H7,0,S7,S4,C8
4,H6;H3;DA;H5;DQ;DJ;D10;DK;H2;H4,1,C8,H6,D4
4,D4;S4;D5;C4;D2;SA;D7;S2;S5;C2,0,D4,D4,H7
4,HJ;H6;H3;DA;H5;DQ;DJ;D10;H2;H4,1,H7,HJ,DK
4,DK;D4;S4;D5;C4;D2;SA;S2;S5;C2,0,DK,DK,D7
4,S8;HJ;H6;H3;DA;H5;DQ;DJ;H2;H4,1,D7,S8,D10
4,D10;D4;S4;D5;C4;D2;SA;S2;S5;C2,0,D10,D10,DK
4,C6;S8;HJ;H6;H3;DA;H5;DQ;H2;H4,1,DK,C6,DJ
4,DJ;D4;S4;D5;C4;D2;SA;S2;S5;C2,0,DJ,DJ,D10
4,CA;C6;S8;HJ;H6;H3;DA;H5;H2;H4,1,D10,CA,DQ
4,D9;D4;S4;D5;C4;D2;SA;S2;S5;C2,0,DQ,D9,DJ
4,D3;CA;C6;S8;H6;H3;DA;H5;H2;H4,1,DJ,D3,HJ
4,HJ;D4;S4;D5;C4;D2;SA;S2;S5;C2,0,HJ,HJ,D9
4,D8;D3;CA;C6;H6;H3;DA;H5;H2;H4,1,D9,D8,S8
4,S8;D4;S4;D5;C4;D2;SA;S2;S5;C2,0,S8,S8,HJ
4,CJ;D3;CA;C6;H6;H3;DA;H5;H2;H4,1,HJ,CJ,D8
4,D8;D4;S4;D5;C4;D2;SA;S2;S5;C2,0,D8,D8,S8
4,S10;D3;CA;C6;H6;H3;DA;H5;H2;H4,1,S8,S10,CJ
4,CJ;D4;S4;D5;C4;D2;SA;S2;S5;C2,0,CJ,CJ,D8
4,S6;D3;CA;C6;H6;H3;DA;H5;H2;H4,1,D8,S6,S10
4,S10;D4;S4;D5;C4;D2;SA;S2;S5;C2,0,S10,S10,CJ
4,C3;S6;D3;CA;H6;H3;DA;H5;H2;H4,1,CJ,C3,C6
4,C6;D4;S4;D5;C4;D2;SA;S2;S5;C2,0,C6,C6,S10
4,C9;C3;D3;CA;H6;H3;DA;H5;H2;H4,1,S10,C9,S6
4,S6;D4;S4;D5;C4;D2;SA;S2;S5;C2,0,S6,S6,C6
4,C5;C3;D3;CA;H6;H3;DA;H5;H2;H4,1,C6,C5,C9
4,C9;S6;D4;S4;C4;D2;SA;S2;S5;C2,0,C9,C9,D5
4,S9;C3;D3;CA;H6;H3;DA;H5;H2;H4,1,D5,S9,C5
4,C5;S6;D4;S4;C4;D2;SA;S2;S5;C2,0,C5,C5,C9
4,HK;C3;D3;CA;H6;H3;DA;H5;H2;H4,1,C9,HK,S9
4,S9;S6;D4;S4;C4;D2;SA;S2;S5;C2,0,S9,S9,C5
4,SJ;C3;D3;CA;H6;H3;DA;H5;H2;H4,1,C5,SJ,HK
4,HK;S6;D4;S4;C4;D2;SA;S2;S5;C2,0,HK,HK,S9
4,HA;C3;D3;CA;H6;H3;DA;H5;H2;H4,1,S9,HA,SJ
4,SJ;S6;D4;S4;C4;D2;SA;S2;S5;C2,0,SJ,SJ,HK
4,S3;HA;C3;D3;CA;H3;DA;H5;H2;H4,1,HK,S3,H6
4,H6;S6;D4;S4;C4;D2;SA;S2;S5;C2,0,H6,H6,SJ
4,HQ;S3;HA;C3;D3;CA;H3;H5;H2;H4,1,SJ,HQ,DA
4,DA;S6;D4;S4;C4;D2;SA;S2;S5;C2,0,DA,DA,H6
4,C7;S3;HA;C3;D3;CA;H3;H5;H2;H4,1,H6,C7,HQ
5,DJ;D2;C10;C4;D6;DA;H9;H5;DK;H2,0,DJ,DJ,HK
5,CK;D7;C6;HA;H7;S4;H4;S2;CA;C5,1,HK,CK,H8
5,H8;DJ;D2;C4;D6;DA;H9;H5;DK;H2,0,H8,H8,C10
5,CJ;D7;C6;HA;H7;S4;H4;S2;CA;C5,1,C10,CJ,CK
5,CK;H8;D2;C4;D6;DA;H9;H5;DK;H2,0,CK,CK,DJ
5,D9;D7;C6;HA;H7;S4;H4;S2;CA;C5,1,DJ,D9,CJ
5,CJ;H8;D2;C4;D6;DA;H9;H5;DK;H2,0,CJ,CJ,CK
5,D4;D7;C6;HA;H7;S4;H4;S2;CA;C5,1,CK,D4,D9
5,D9;H8;D2;C4;D6;DA;H9;H5;DK;H2,0,D9,D9,CJ
5,S6;D4;D7;C6;HA;S4;H4;S2;CA;C5,1,CJ,S6,H7
5,SQ;D9;H8;D2;C4;D6;DA;H9;H5;H2,0,H7,SQ,DK
5,H10;S6;D4;C6;HA;S4;H4;S2;CA;C5,1,DK,H10,D7
5,D7;D9;H8;D2;C4;D6;DA;H9;H5;H2,0,D7,D7,SQ
5,SK;S6;D4;C6;HA;S4;H4;S2;CA;C5,1,SQ,SK,H10
5,C2;D7;D9;H8;D2;C4;D6;DA;H5;H2,0,H10,C2,H9
5,S8;S6;D4;C6;HA;S4;H4;S2;CA;C5,1,H9,S8,SK
5,SK;C2;D7;H8;D2;C4;D6;DA;H5;H2,0,SK,SK,D9
5,S3;S6;D4;C6;HA;S4;H4;S2;CA;C5,1,D9,S3,S8
5,S8;C2;D7;H8;D2;C4;D6;DA;H5;H2,0,S8,S8,SK
5,D3;S3;S6;D4;HA;S4;H4;S2;CA;C5,1,SK,D3,C6
5,C6;C2;D7;H8;D2;C4;D6;DA;H5;H2,0,C6,C6,S8
5,S10;D3;S3;D4;HA;S4;H4;S2;CA;C5,1,S8,S10,S6
5,S7;C6;C2;D7;D2;C4;D6;DA;H5;H2,0,S6,S7,H8
5,S9;D3;S3;D4;HA;S4;H4;S2;CA;C5,1,H8,S9,S10
5,S10;C6;C2;D7;D2;C4;D6;DA;H5;H2,0,S10,S10,S7
5,C8;D3;S3;D4;HA;S4;H4;S2;CA;C5,1,S7,C8,S9
5,S9;C6;C2;D7;D2;C4;D6;DA;H5;H2,0,S9,S9,S10
5,C7;D3;S3;D4;HA;S4;H4;S2;CA;C5,1,S10,C7,C8
5,C8;C6;C2;D7;D2;C4;D6;DA;H5;H2,0,C8,C8,S9
5,DQ;D3;S3;D4;HA;S4;H4;S2;CA;C5,1,S9,DQ,C7
5,D5;C6;C2;D7;D2;C4;D6;DA;H5;H2,0,C7,D5,C8
5,H6;D3;S3;D4;HA;S4;H4;S2;CA;C5,1,C8,H6,DQ
5,DQ;D5;C2;D7;D2;C4;D6;DA;H5;H2,0,DQ,DQ,C6
5,D8;D3;S3;D4;HA;S4;H4;S2;CA;C5,1,C6,D8,H6
5,H6;D5;C2;D7;D2;C4;D6;DA;H5;H2,0,H6,H6,DQ
5,S5;D3;S3;D4;HA;S4;H4;S2;CA;C5,1,DQ,S5,D8
5,D8;D5;C2;D7;D2;C4;D6;DA;H5;H2,0,D8,D8,H6
5,H3;S5;D3;S3;D4;HA;S4;H4;S2;CA,1,H6,H3,C5
5,C5;D8;D5;C2;D7;D2;C4;D6;DA;H2,0,C5,C5,H5
5,D10;H3;S5;D3;S3;D4;HA;S4;S2;CA,1,H5,D10,H4
5,H4;D8;D5;C2;D7;D2;C4;D6;DA;H2,0,H4,H4,C5
5,HQ;H3;S5;D3;S3;D4;HA;S4;S2;CA,1,C5,HQ,D10
5,D10;H4;D8;D5;C2;D7;D2;D6;DA;H2,0,D10,D10,C4
5,C3;H3;S5;D3;S3;D4;HA;S4;S2;CA,1,C4,C3,HQ
5,HQ;H4;D8;D5;C2;D7;D2;D6;DA;H2,0,HQ,HQ,D10
5,SJ;C3;H3;S5;D3;S3;HA;S4;S2;CA,1,D10,SJ,D4
5,D4;H4;D8;D5;C2;D7;D2;D6;DA;H2,0,D4,D4,HQ
6,C6;CJ;S5;H5;S7;SK;D7;HA;SJ;C2,1,SA,C6,DK
6,DK;S9;HQ;CA;CQ;S2;H9;C8;D8;C9,0,DK,DK,HK
6,H6;C6;CJ;S5;H5;S7;SK;D7;HA;C2,1,HK,H6,SJ
6,SJ;DK;S9;CA;CQ;S2;H9;C8;D8;C9,0,SJ,SJ,HQ
6,S8;H6;C6;CJ;S5;H5;S7;D7;HA;C2,1,HQ,S8,SK
6,SK;SJ;S9;CA;CQ;S2;H9;C8;D8;C9,0,SK,SK,DK
6,DJ;S8;H6;C6;S5;H5;S7;D7;HA;C2,1,DK,DJ,CJ
6,CJ;SK;SJ;S9;CA;S2;H9;C8;D8;C9,0,CJ,CJ,CQ
6,D6;S8;H6;C6;S5;H5;S7;D7;HA;C2,1,CQ,D6,DJ
6,H2;CJ;SJ;S9;CA;S2;H9;C8;D8;C9,0,DJ,H2,SK
6,SQ;D6;H6;C6;S5;H5;S7;D7;HA;C2,1,SK,SQ,S8
6,HJ;H2;CJ;SJ;S9;CA;S2;H9;D8;C9,0,S8,HJ,C8
6,DA;D6;H6;C6;S5;H5;S7;D7;HA;C2,1,C8,DA,SQ
6,SQ;HJ;H2;CJ;SJ;S9;CA;S2;H9;C9,0,SQ,SQ,D8
6,D3;DA;D6;H6;C6;S5;H5;S7;HA;C2,1,D8,D3,D7
6,D7;HJ;H2;CJ;SJ;S9;CA;S2;H9;C9,0,D7,D7,SQ
6,S4;D3;DA;D6;H6;C6;S5;H5;HA;C2,1,SQ,S4,S7
6,S7;HJ;H2;CJ;SJ;S9;CA;S2;H9;C9,0,S7,S7,D7
6,H7;S4;D3;DA;D6;H6;C6;S5;HA;C2,1,D7,H7,H5
6,H5;HJ;H2;CJ;SJ;S9;CA;S2;H9;C9,0,H5,H5,S7
6,C4;S4;D3;DA;D6;H6;C6;S5;HA;C2,1,S7,C4,H7
6,H7;HJ;H2;CJ;SJ;S9;CA;S2;H9;C9,0,H7,H7,H5
6,DQ;C4;S4;D3;DA;D6;H6;C6;HA;C2,1,H5,DQ,S5
6,S5;HJ;H2;CJ;SJ;S9;CA;S2;H9;C9,0,S5,S5,H7
6,D9;C4;S4;D3;DA;D6;H6;C6;HA;C2,1,H7,D9,DQ
6,DQ;HJ;H2;CJ;SJ;S9;CA;S2;H9;C9,0,DQ,DQ,S5
6,CK;C4;S4;D3;DA;D6;H6;C6;HA;C2,1,S5,CK,D9
6,D9;HJ;H2;CJ;SJ;S9;CA;S2;H9;C9,0,D9,D9,DQ
7,H10;SA;S4;D4;H7;H3;DA;D2;C6;D6,1,CJ,H10,C9
7,C9;H6;C4;CQ;C10;HA;D5;S3;S7;C7,0,C9,C9,HQ
7,S6;SA;S4;D4;H7;H3;DA;D2;C6;D6,1,HQ,S6,H10
7,H10;C9;H6;C4;C10;HA;D5;S3;S7;C7,0,H10,H10,CQ
7,C2;S6;SA;S4;D4;H3;DA;D2;C6;D6,1,CQ,C2,H7
7,D10;H10;H6;C4;C10;HA;D5;S3;S7;C7,0,H7,D10,C9
7,C3;C2;S6;SA;S4;H3;DA;D2;C6;D6,1,C9,C3,D4
7,D4;D10;H10;H6;C4;C10;HA;D5;S3;C7,0,D4,D4,S7
7,D9;C3;C2;S6;SA;H3;DA;D2;C6;D6,1,S7,D9,S4
7,S9;D4;D10;H10;H6;C4;C10;HA;D5;S3,0,S4,S9,C7
7,C8;C3;C2;S6;SA;H3;DA;D2;C6;D6,1,C7,C8,D9
7,D9;D4;D10;H10;H6;C4;C10;HA;D5;S3,0,D9,D9,S9
7,D3;C3;C2;S6;SA;H3;DA;D2;C6;D6,1,S9,D3,C8
7,C8;D4;D10;H10;H6;C4;C10;HA;D5;S3,0,C8,C8,D9
7,DJ;D3;C3;C2;S6;SA;DA;D2;C6;D6,1,D9,DJ,H3
7,H3;D4;D10;H10;H6;C4;C10;HA;D5;S3,0,H3,H3,C8
7,CA;D3;C3;C2;S6;SA;DA;D2;C6;D6,1,C8,CA,DJ
7,DJ;H3;D4;D10;H10;C4;C10;HA;D5;S3,0,DJ,DJ,H6
7,H6;CA;D3;C3;C2;S6;DA;D2;C6;D6,1,H6,H6,SA
7,SA;H3;D4;D10;H10;C4;C10;HA;D5;S3,0,SA,SA,DJ
7,DK;H6;D3;C3;C2;S6;DA;D2;C6;D6,1,DJ,DK,CA
7,SK;SA;H3;D4;D10;H10;C4;C10;HA;S3,0,CA,SK,D5
7,HJ;H6;D3;C3;C2;S6;DA;D2;C6;D6,1,D5,HJ,DK
7,DK;SA;H3;D4;D10;H10;C4;C10;HA;S3,0,DK,DK,SK
7,H9;H6;D3;C3;C2;S6;DA;D2;C6;D6,1,SK,H9,HJ
7,HJ;SA;H3;D4;D10;H10;C4;C10;HA;S3,0,HJ,HJ,DK
7,S10;H6;D3;C3;C2;S6;DA;D2;C6;D6,1,DK,S10,H9
7,H9;SA;H3;D4;D10;H10;C4;C10;HA;S3,0,H9,H9,HJ
7,D8;H6;D3;C3;C2;S6;DA;D2;C6;D6,1,HJ,D8,S10
7,S10;SA;H3;D4;D10;H10;C4;C10;HA;S3,0,S10,S10,H9
7,S8;H6;D3;C3;C2;S6;DA;D2;C6;D6,1,H9,S8,D8
7,D8;S10;SA;H3;D10;H10;C4;C10;HA;S3,0,D8,D8,D4
7,D4;H6;D3;C3;C2;S6;DA;D2;C6;D6,1,D4,D4,S8
7,S8;S10;SA;H3;D10;H10;C4;C10;HA;S3,0,S8,S8,D8
7,HK;D4;H6;D3;C2;S6;DA;D2;C6;D6,1,D8,HK,C3
7,H2;S10;SA;H3;D10;H10;C4;C10;HA;S3,0,C3,H2,S8
7,H5;D4;H6;D3;C2;S6;DA;D2;C6;D6,1,S8,H5,HK
7,HK;H2;S10;SA;H3;D10;H10;C10;HA;S3,0,HK,HK,C4
7,D7;D4;H6;D3;C2;S6;DA;D2;C6;D6,1,C4,D7,H5
7,H5;H2;S10;SA;H3;D10;H10;C10;HA;S3,0,H5,H5,HK
7,S2;D4;H6;D3;C2;S6;DA;D2;C6;D6,1,HK,S2,D7
7,D7;H2;S10;SA;H3;D10;H10;C10;HA;S3,0,D7,D7,H5
7,DQ;S2;D4;H6;D3;S6;DA;D2;C6;D6,1,H5,DQ,C2
7,C2;H2;S10;SA;H3;D10;H10;C10;HA;S3,0,C2,C2,D7
8,D6;D5;H3;DJ;D9;D10;C4;H5;HA;C7,0,D6,D6,H7
8,C10;CQ;S4;HJ;HQ;H6;DQ;D2;D3;S9,1,H7,C10,CJ
8,CJ;D6;D5;H3;DJ;D9;D10;C4;H5;HA,0,CJ,CJ,C7
8,C6;C10;CQ;S4;HQ;H6;DQ;D2;D3;S9,1,C7,C6,HJ
8,HJ;D6;D5;H3;DJ;D9;D10;C4;H5;HA,0,HJ,HJ,CJ
8,H4;C6;CQ;S4;HQ;H6;DQ;D2;D3;S9,1,CJ,H4,C10
8,C10;D6;D5;H3;DJ;D9;D10;C4;H5;HA,0,C10,C10,HJ
8,D4;H4;C6;CQ;S4;HQ;H6;DQ;D2;D3,1,HJ,D4,S9
8,S9;D6;D5;H3;DJ;D9;D10;C4;H5;HA,0,S9,S9,C10
8,C2;D4;H4;C6;CQ;S4;HQ;DQ;D2;D3,1,C10,C2,H6
8,H6;D6;D5;H3;DJ;D9;D10;C4;H5;HA,0,H6,H6,S9
8,SQ;C2;D4;H4;CQ;S4;HQ;DQ;D2;D3,1,S9,SQ,C6
8,S5;D6;D5;H3;DJ;D9;D10;C4;H5;HA,0,C6,S5,H6
8,S2;SQ;C2;D4;H4;CQ;HQ;DQ;D2;D3,1,H6,S2,S4
8,S4;S5;D5;H3;DJ;D9;D10;C4;H5;HA,0,S4,S4,D6
8,D8;S2;SQ;C2;D4;CQ;HQ;DQ;D2;D3,1,D6,D8,H4
8,C9;S5;D5;H3;DJ;D9;D10;C4;H5;HA,0,H4,C9,S4
8,CK;S2;SQ;C2;D4;CQ;HQ;DQ;D2;D3,1,S4,CK,D8
8,D8;S5;D5;H3;DJ;D9;D10;C4;H5;HA,0,D8,D8,C9
8,C8;S2;SQ;C2;D4;CQ;HQ;DQ;D2;D3,1,C9,C8,CK
8,CK;D8;S5;D5;H3;DJ;D9;D10;H5;HA,0,CK,CK,C4
8,S10;S2;SQ;C2;D4;CQ;HQ;DQ;D2;D3,1,C4,S10,C8
8,C8;D8;S5;D5;H3;DJ;D9;D10;H5;HA,0,C8,C8,CK
8,H9;S2;SQ;C2;D4;CQ;HQ;DQ;D2;D3,1,CK,H9,S10
8,S10;D8;S5;D5;H3;DJ;D9;D10;H5;HA,0,S10,S10,C8
8,H10;S2;SQ;C2;D4;CQ;HQ;DQ;D2;D3,1,C8,H10,H9
8,H9;D8;S5;D5;H3;DJ;D9;D10;H5;HA,0,H9,H9,S10
8,DK;S2;SQ;C2;D4;CQ;HQ;DQ;D2;D3,1,S10,DK,H10
8,H10;D8;S5;D5;H3;DJ;D9;D10;H5;HA,0,H10,H10,H9
8,H2;S2;SQ;C2;D4;CQ;HQ;DQ;D2;D3,1,H9,H2,DK
8,DK;D8;S5;D5;H3;DJ;D9;D10;H5;HA,0,DK,DK,H10
8,SA;H2;S2;SQ;D4;CQ;HQ;DQ;D2;D3,1,H10,SA,C2
8,C2;D8;S5;D5;H3;DJ;D9;D10;H5;HA,0,C2,C2,DK
9,CA;S6;DJ;CJ;C4;S2;DA;C5;D10;SJ,1,D9,CA,DK
9,C6;H2;HA;D3;S3;CK;S10;H7;D4;H9,0,DK,C6,HJ
9,HJ;CA;S6;DJ;CJ;C4;S2;DA;C5;SJ,1,HJ,HJ,D10
9,D10;C6;H2;HA;D3;S3;CK;H7;D4;H9,0,D10,D10,S10
9,C10;HJ;CA;DJ;CJ;C4;S2;DA;C5;SJ,1,S10,C10,S6
9,S6;D10;C6;H2;HA;D3;S3;H7;D4;H9,0,S6,S6,CK
9,D2;HJ;CA;DJ;CJ;C4;S2;DA;C5;SJ,1,CK,D2,C10
9,C10;S6;C6;H2;HA;D3;S3;H7;D4;H9,0,C10,C10,D10
9,SA;D2;HJ;CA;DJ;CJ;C4;S2;DA;SJ,1,D10,SA,C5
9,C5;S6;C6;H2;HA;D3;S3;H7;D4;H9,0,C5,C5,C10
9,HQ;SA;D2;HJ;CA;DJ;CJ;S2;DA;SJ,1,C10,HQ,C4
9,C2;C5;S6;C6;H2;HA;D3;S3;H7;D4,0,C4,C2,H9
9,S9;SA;D2;HJ;CA;DJ;CJ;S2;DA;SJ,1,H9,S9,HQ
9,HQ;C2;C5;S6;C6;H2;HA;D3;S3;D4,0,HQ,HQ,H7
9,C3;SA;D2;HJ;CA;DJ;CJ;S2;DA;SJ,1,H7,C3,S9
9,S9;C2;C5;S6;C6;H2;HA;D3;S3;D4,0,S9,S9,HQ
9,D7;SA;D2;HJ;CA;DJ;CJ;S2;DA;SJ,1,HQ,D7,C3
9,H6;C2;C5;S6;C6;H2;HA;D3;S3;D4,0,C3,H6,S9
9,SQ;SA;D2;HJ;CA;DJ;CJ;S2;DA;SJ,1,S9,SQ,D7
9,D7;H6;C2;S6;C6;H2;HA;D3;S3;D4,0,D7,D7,C5
9,HK;SA;D2;HJ;CA;DJ;CJ;S2;DA;SJ,1,C5,HK,SQ
9,SQ;H6;C2;S6;C6;H2;HA;D3;S3;D4,0,SQ,SQ,D7
9,CQ;SA;D2;HJ;CA;DJ;CJ;S2;DA;SJ,1,D7,CQ,HK
9,HK;H6;C2;S6;C6;H2;HA;D3;S3;D4,0,HK,HK,SQ
9,H4;SA;D2;HJ;CA;DJ;CJ;S2;DA;SJ,1,SQ,H4,CQ
9,CQ;H6;C2;S6;C6;H2;HA;D3;S3;D4,0,CQ,CQ,HK
9,S8;SA;D2;HJ;CA;DJ;CJ;S2;DA;SJ,1,HK,S8,H4
9,H4;H6;C2;S6;C6;H2;HA;D3;S3;D4,0,H4,H4,CQ
9,C7;SA;D2;HJ;CA;DJ;CJ;S2;DA;SJ,1,CQ,C7,S8
9,S8;H6;C2;S6;C6;H2;HA;D3;S3;D4,0,S8,S8,H4
9,C9;SA;D2;HJ;CA;DJ;CJ;S2;DA;SJ,1,H4,C9,C7
9,C7;H6;C2;S6;C6;H2;HA;D3;S3;D4,0,C7,C7,S8
9,C8;SA;D2;HJ;CA;DJ;CJ;S2;DA;SJ,1,S8,C8,C9
9,C9;H6;C2;S6;C6;H2;HA;D3;S3;D4,0,C9,C9,C7
9,H10;SA;D2;HJ;CA;DJ;CJ;S2;DA;SJ,1,C7,H10,C8
9,D8;H6;C2;S6;C6;H2;HA;D3;S3;D4,0,C8,D8,C9
9,S7;SA;D2;HJ;CA;DJ;CJ;S2;DA;SJ,1,C9,S7,H10
9,H10;H6;C2;S6;C6;H2;HA;D3;S3;D4,0,H10,H10,D8
9,S5;SA;D2;HJ;CA;DJ;CJ;S2;DA;SJ,1,D8,S5,S7
9,S7;H6;C2;S6;C6;H2;HA;D3;S3;D4,0,S7,S7,H10
9,H3;SA;D2;HJ;CA;DJ;CJ;S2;DA;SJ,1,H10,H3,S5
9,S5;H6;C2;S6;C6;H2;HA;D3;S3;D4,0,S5,S5,S7
9,H5;SA;D2;HJ;CA;DJ;CJ;S2;DA;SJ,1,S7,H5,H3
9,H8;H6;C2;S6;C6;H2;HA;D3;S3;D4,0,H3,H8,S5
9,SK;SA;D2;HJ;CA;DJ;CJ;S2;DA;SJ,1,S5,SK,H5
9,H5;H6;C2;S6;C6;H2;HA;D3;S3;D4,0,H5,H5,H8
9,S4;SA;D2;HJ;CA;DJ;CJ;S2;DA;SJ,1,H8,S4,SK
9,SK;H6;C2;S6;C6;H2;HA;D3;S3;D4,0,SK,SK,H5
9,D6;SA;D2;HJ;CA;DJ;CJ;S2;DA;SJ,1,H5,D6,S4
9,S4;H6;C2;S6;C6;H2;HA;D3;S3;D4,0,S4,S4,SK
9,DQ;SA;D2;HJ;CA;DJ;CJ;S2;DA;SJ,1,SK,DQ,D6
9,D6;H6;C2;S6;C6;H2;HA;D3;S3;D4,0,D6,D6,S4
9,D5;SA;D2;HJ;CA;DJ;CJ;S2;DA;SJ,1,S4,D5,DQ
10,H7;SA;H5;C6;CK;S3;D10;S4;H9;HQ,1,D6,H7,HK
10,HK;D8;C2;SK;D9;S2;CJ;DJ;C9;SJ,0,HK,HK,H10
10,C5;H7;SA;H5;C6;CK;S3;D10;S4;H9,1,H10,C5,HQ
10,HQ;D8;C2;SK;D9;S2;CJ;DJ;C9;SJ,0,HQ,HQ,HK
10,D2;C5;H7;SA;H5;C6;CK;S3;S4;H9,1,HK,D2,D10
10,C3;D8;C2;SK;D9;S2;CJ;DJ;C9;SJ,0,D10,C3,HQ
10,D7;D2;C5;H7;SA;H5;C6;S3;S4;H9,1,HQ,D7,CK
10,CK;C3;D8;C2;D9;S2;CJ;DJ;C9;SJ,0,CK,CK,SK
10,C4;D7;D2;C5;H7;SA;H5;C6;S3;S4,1,SK,C4,H9
10,H8;C3;D8;C2;D9;S2;CJ;DJ;C9;SJ,0,H9,H8,CK
10,H2;C4;D7;D2;C5;SA;H5;C6;S3;S4,1,CK,H2,H7
10,H7;H8;C3;D8;C2;S2;CJ;DJ;C9;SJ,0,H7,H7,D9
10,H3;H2;C4;D2;C5;SA;H5;C6;S3;S4,1,D9,H3,D7
10,HJ;H7;H8;C3;D8;C2;S2;CJ;DJ;SJ,0,D7,HJ,C9
10,S9;H3;H2;C4;D2;C5;SA;C6;S3;S4,1,C9,S9,H5
10,H5;HJ;H7;H8;C3;C2;S2;CJ;DJ;SJ,0,H5,H5,D8
10,SQ;H3;H2;C4;D2;C5;SA;C6;S3;S4,1,D8,SQ,S9
10,S9;H5;HJ;H7;C3;C2;S2;CJ;DJ;SJ,0,S9,S9,H8
10,S7;H3;H2;C4;D2;C5;SA;C6;S3;S4,1,H8,S7,SQ
10,SQ;H5;HJ;H7;C3;C2;S2;CJ;DJ;SJ,0,SQ,SQ,S9
10,CA;H3;H2;C4;D2;C5;SA;C6;S3;S4,1,S9,CA,S7
10,S7;H5;HJ;H7;C3;C2;S2;CJ;DJ;SJ,0,S7,S7,SQ
10,C8;CA;H3;H2;C4;D2;C5;SA;C6;S3,1,SQ,C8,S4
10,S4;H5;HJ;H7;C3;C2;S2;CJ;DJ;SJ,0,S4,S4,S7
10,C7;CA;H3;H2;C4;D2;C5;SA;C6;S3,1,S7,C7,C8
10,C8;S4;H5;HJ;C3;C2;S2;CJ;DJ;SJ,0,C8,C8,H7
10,C10;C7;CA;H3;H2;C4;D2;C5;SA;C6,1,H7,C10,S3
10,D4;S4;H5;HJ;C3;C2;S2;CJ;DJ;SJ,0,S3,D4,C8
10,C8;C7;CA;H3;H2;C4;D2;C5;SA;C6,1,C8,C8,C10
10,C10;D4;S4;HJ;C3;C2;S2;CJ;DJ;SJ,0,C10,C10,H5
10,D3;C8;C7;CA;H2;C4;D2;C5;SA;C6,1,H5,D3,H3
10,H3;D4;S4;HJ;C3;C2;S2;CJ;DJ;SJ,0,H3,H3,C10
10,CQ;C8;C7;CA;H2;C4;D2;C5;SA;C6,1,C10,CQ,D3
10,S10;H3;S4;HJ;C3;C2;S2;CJ;DJ;SJ,0,D3,S10,D4
10,HA;C8;C7;CA;H2;C4;D2;C5;SA;C6,1,D4,HA,CQ
10,CQ;H3;S4;HJ;C3;C2;S2;CJ;DJ;SJ,0,CQ,CQ,S10
10,H6;HA;C8;C7;CA;H2;C4;C5;SA;C6,1,S10,H6,D2
10,DK;H3;S4;HJ;C3;C2;S2;CJ;DJ;SJ,0,D2,DK,CQ
10,DQ;HA;C8;C7;CA;H2;C4;C5;SA;C6,1,CQ,DQ,H6
10,H6;H3;S4;HJ;C3;C2;S2;CJ;DJ;SJ,0,H6,H6,DK
10,H4;HA;C8;C7;CA;H2;C4;C5;SA;C6,1,DK,H4,DQ
10,DQ;H3;S4;HJ;C3;C2;S2;CJ;DJ;SJ,0,DQ,DQ,H6
10,S8;HA;C8;C7;CA;H2;C4;C5;SA;C6,1,H6,S8,H4
10,H4;H3;S4;HJ;C3;C2;S2;CJ;DJ;SJ,0,H4,H4,DQ
10,DA;HA;C8;C7;CA;H2;C4;C5;SA;C6,1,DQ,DA,S8
10,S8;H4;H3;HJ;C3;C2;S2;CJ;DJ;SJ,0,S8,S8,S4
10,D5;DA;HA;C8;C7;CA;C4;C5;SA;C6,1,S4,D5,H2
10,S5;H4;H3;HJ;C3;C2;S2;CJ;DJ;SJ,0,H2,S5,S8
10,S6;DA;HA;C8;C7;CA;C4;C5;SA;C6,1,S8,S6,D5
11,D3;S4;S2;C5;S7;D2;S6;HA;D4;S5,1,CJ,D3,D6
11,D6;H10;S3;D8;C4;SQ;SJ;H6;H3;DK,0,D6,D6,HQ
11,H7;D3;S4;S2;S7;D2;S6;HA;D4;S5,1,HQ,H7,C5
11,C5;D6;S3;D8;C4;SQ;SJ;H6;H3;DK,0,C5,C5,H10
11,H9;D3;S4;S2;S7;D2;S6;HA;D4;S5,1,H10,H9,H7
11,H7;C5;D6;S3;D8;C4;SQ;H6;H3;DK,0,H7,H7,SJ
11,D9;D3;S4;S2;S7;D2;S6;HA;D4;S5,1,SJ,D9,H9
11,H9;H7;C5;D6;S3;D8;C4;H6;H3;DK,0,H9,H9,SQ
11,H5;D3;S4;S2;S7;D2;S6;HA;D4;S5,1,SQ,H5,D9
11,D9;H9;H7;C5;D6;S3;D8;C4;H6;H3,0,D9,D9,DK
11,D5;D3;S4;S2;S7;D2;S6;HA;D4;S5,1,DK,D5,H5
11,CK;D9;H7;C5;D6;S3;D8;C4;H6;H3,0,H5,CK,H9
11,H4;D5;D3;S4;S7;D2;S6;HA;D4;S5,1,H9,H4,S2
11,S2;D9;H7;C5;D6;S3;D8;C4;H6;H3,0,S2,S2,CK
11,C3;D5;D3;S4;S7;D2;S6;HA;D4;S5,1,CK,C3,H4
11,H4;S2;H7;C5;D6;S3;D8;C4;H6;H3,0,H4,H4,D9
11,C6;D5;D3;S4;S7;D2;S6;HA;D4;S5,1,D9,C6,C3
11,S10;H4;S2;H7;C5;D6;S3;C4;H6;H3,0,C3,S10,D8
11,H2;D5;D3;S4;S7;D2;S6;HA;D4;S5,1,D8,H2,C6
11,DJ;H4;S2;H7;C5;D6;S3;C4;H6;H3,0,C6,DJ,S10
11,C10;D5;D3;S4;S7;D2;S6;HA;D4;S5,1,S10,C10,H2
11,C7;H4;S2;H7;C5;D6;S3;C4;H6;H3,0,H2,C7,DJ
11,D10;D5;D3;S4;S7;D2;S6;HA;D4;S5,1,DJ,D10,C10
11,C10;C7;H4;S2;C5;D6;S3;C4;H6;H3,0,C10,C10,H7
11,HJ;D5;D3;S4;S7;D2;S6;HA;D4;S5,1,H7,HJ,D10
11,D10;C7;H4;S2;C5;D6;S3;C4;H6;H3,0,D10,D10,C10
11,SA;D5;D3;S4;S7;D2;S6;HA;D4;S5,1,C10,SA,HJ
11,HJ;C7;H4;S2;C5;D6;S3;C4;H6;H3,0,HJ,HJ,D10
11,C9;SA;D5;D3;S4;S7;D2;S6;D4;S5,1,D10,C9,HA
11,HA;C7;H4;S2;C5;D6;S3;C4;H6;H3,0,HA,HA,HJ
11,S8;SA;D5;D3;S4;S7;D2;S6;D4;S5,1,HJ,S8,C9
11,C9;HA;H4;S2;C5;D6;S3;C4;H6;H3,0,C9,C9,C7
11,S9;S8;SA;D3;S4;S7;D2;S6;D4;S5,1,C7,S9,D5
11,D5;HA;H4;S2;C5;D6;S3;C4;H6;H3,0,D5,D5,C9
11,D7;S8;SA;D3;S4;S7;D2;S6;D4;S5,1,C9,D7,S9
11,S9;D5;HA;H4;S2;C5;D6;S3;C4;H3,0,S9,S9,H6
11,H8;S8;SA;D3;S4;S7;D2;S6;D4;S5,1,H6,H8,D7
11,HK;D5;HA;H4;S2;C5;D6;S3;C4;H3,0,D7,HK,S9
11,CQ;S8;SA;D3;S4;S7;D2;S6;D4;S5,1,S9,CQ,H8
11,H8;D5;HA;H4;S2;C5;D6;S3;C4;H3,0,H8,H8,HK
11,SK;S8;SA;D3;S4;S7;D2;S6;D4;S5,1,HK,SK,CQ
11,CQ;D5;HA;H4;S2;C5;D6;S3;C4;H3,0,CQ,CQ,H8
11,DQ;S8;SA;D3;S4;S7;D2;S6;D4;S5,1,H8,DQ,SK
11,SK;D5;HA;H4;S2;C5;D6;S3;C4;H3,0,SK,SK,CQ
11,CA;S8;SA;D3;S4;S7;D2;S6;D4;S5,1,CQ,CA,DQ
11,DQ;D5;HA;H4;S2;C5;D6;S3;C4;H3,0,DQ,DQ,SK
11,C8;CA;S8;SA;D3;S4;S7;D2;S6;S5,1,SK,C8,D4
11,C2;D5;HA;H4;S2;C5;D6;S3;C4;H3,0,D4,C2,DQ
11,DA;CA;S8;SA;D3;S4;S7;D2;S6;S5,1,DQ,DA,C8
12,D9;DA;S4;D4;DJ;C3;CQ;H8;D7;S8,0,D9,D9,HQ
12,H3;D8;C6;H4;D6;H7;SK;S6;DQ;D2,1,HQ,H3,S10
12,S10;D9;DA;S4;D4;C3;CQ;H8;D7;S8,0,S10,S10,DJ
12,SA;H3;D8;C6;H4;D6;H7;SK;S6;D2,1,DJ,SA,DQ
12,DQ;D9;DA;S4;D4;C3;CQ;H8;D7;S8,0,DQ,DQ,S10
12,C9;SA;H3;D8;C6;H4;D6;H7;S6;D2,1,S10,C9,SK
12,SK;D9;DA;S4;D4;C3;CQ;H8;D7;S8,0,SK,SK,DQ
12,SJ;SA;H3;D8;C6;H4;D6;H7;S6;D2,1,DQ,SJ,C9
12,C9;D9;DA;S4;D4;C3;CQ;H8;D7;S8,0,C9,C9,SK
12,S5;SA;H3;D8;C6;H4;D6;H7;S6;D2,1,SK,S5,SJ
12,SJ;C9;D9;DA;S4;D4;C3;H8;D7;S8,0,SJ,SJ,CQ
12,D3;S5;SA;H3;C6;H4;D6;H7;S6;D2,1,CQ,D3,D8
12,CA;C9;D9;DA;S4;D4;C3;H8;D7;S8,0,D8,CA,SJ
12,DK;D3;S5;SA;H3;C6;H4;D6;S6;D2,1,SJ,DK,H7
12,H7;CA;C9;DA;S4;D4;C3;H8;D7;S8,0,H7,H7,D9
12,H5;D3;S5;SA;H3;C6;H4;D6;S6;D2,1,D9,H5,DK
12,DK;H7;CA;DA;S4;D4;C3;H8;D7;S8,0,DK,DK,C9
12,HJ;H5;D3;SA;H3;C6;H4;D6;S6;D2,1,C9,HJ,S5
12,S5;H7;CA;DA;S4;D4;C3;H8;D7;S8,0,S5,S5,DK
12,C5;H5;D3;SA;H3;C6;H4;D6;S6;D2,1,DK,C5,HJ
12,HJ;S5;H7;CA;DA;S4;D4;C3;D7;S8,0,HJ,HJ,H8
12,C10;H5;D3;SA;H3;C6;H4;D6;S6;D2,1,H8,C10,C5
12,C5;S5;H7;CA;DA;S4;D4;C3;D7;S8,0,C5,C5,HJ
12,S9;H5;D3;SA;H3;C6;H4;D6;S6;D2,1,HJ,S9,C10
12,C10;C5;S5;H7;CA;DA;S4;D4;C3;D7,0,C10,C10,S8
12,C2;H5;D3;SA;H3;C6;H4;D6;S6;D2,1,S8,C2,S9
12,S9;C5;S5;H7;CA;DA;S4;D4;C3;D7,0,S9,S9,C10
12,H6;C2;H5;SA;H3;C6;H4;D6;S6;D2,1,C10,H6,D3
12,D3;C5;S5;H7;CA;DA;S4;D4;C3;D7,0,D3,D3,S9
12,HA;H6;C2;H5;SA;H3;C6;H4;D6;S6,1,S9,HA,D2
12,CJ;D3;C5;S5;CA;DA;S4;D4;C3;D7,0,D2,CJ,H7
12,H7;HA;H6;H5;SA;H3;C6;H4;D6;S6,1,H7,H7,C2
12,S2;D3;C5;S5;CA;DA;S4;D4;C3;D7,0,C2,S2,CJ
12,D5;H7;HA;H6;H5;H3;C6;H4;D6;S6,1,CJ,D5,SA
12,H9;S2;D3;C5;S5;CA;DA;S4;D4;C3,0,SA,H9,D7
12,C4;H7;HA;H6;H5;H3;C6;H4;D6;S6,1,D7,C4,D5
12,H10;S2;D3;C5;S5;CA;DA;S4;D4;C3,0,D5,H10,H9
12,D10;H7;HA;H6;H5;H3;C6;H4;D6;S6,1,H9,D10,C4
12,CK;S2;D3;C5;S5;CA;DA;S4;D4;C3,0,C4,CK,H10
12,HK;H7;HA;H6;H5;H3;C6;H4;D6;S6,1,H10,HK,D10
12,D10;S2;D3;C5;S5;CA;DA;S4;D4;C3,0,D10,D10,CK
12,C7;H7;HA;H6;H5;H3;C6;H4;D6;S6,1,CK,C7,HK
12,HK;S2;D3;C5;S5;CA;DA;S4;D4;C3,0,HK,HK,D10
12,S7;H7;HA;H6;H5;H3;C6;H4;D6;S6,1,D10,S7,C7
12,C7;S2;D3;C5;S5;CA;DA;S4;D4;C3,0,C7,C7,HK
12,C8;H7;HA;H6;H5;H3;C6;H4;D6;S6,1,HK,C8,S7
12,S7;S2;D3;C5;S5;CA;DA;S4;D4;C3,0,S7,S7,C7
12,SQ;H7;HA;H6;H5;H3;C6;H4;D6;S6,1,C7,SQ,C8
12,C8;S2;D3;C5;S5;CA;DA;S4;D4;C3,0,C8,C8,S7
12,S3;H7;HA;H6;H5;H3;C6;H4;D6;S6,1,S7,S3,SQ
12,SQ;S2;D3;C5;S5;CA;DA;S4;D4;C3,0,SQ,SQ,C8
12,H2;H7;HA;H6;H5;H3;C6;H4;D6;S6,1,C8,H2,S3
