1,S9;DJ;D4;CK;DQ;CQ;HA;S4;S2;H5,0,H6,S9,HK
1,H9;S8;C4;H4;D9;C5;D7;C3;S3;C6,1,HK,H9,SQ
1,SQ;S9;DJ;D4;DQ;CQ;HA;S4;S2;H5,0,SQ,SQ,CK
1,H10;H9;S8;C4;H4;C5;D7;C3;S3;C6,1,CK,H10,D9
1,C9;SQ;S9;D4;DQ;CQ;HA;S4;S2;H5,0,D9,C9,DJ
1,H8;H9;S8;C4;H4;C5;D7;C3;S3;C6,1,DJ,H8,H10
1,C10;C9;SQ;D4;DQ;CQ;HA;S4;S2;H5,0,H10,C10,S9
1,H2;H8;S8;C4;H4;C5;D7;C3;S3;C6,1,S9,H2,H9
1,H9;C9;SQ;D4;DQ;CQ;HA;S4;S2;H5,0,H9,H9,C10
1,CJ;H2;H8;C4;H4;C5;D7;C3;S3;C6,1,C10,CJ,S8
1,D3;C9;SQ;D4;DQ;CQ;HA;S4;S2;H5,0,S8,D3,H9
1,C2;H2;H8;C4;H4;C5;D7;C3;S3;C6,1,H9,C2,CJ
1,CJ;D3;SQ;D4;DQ;CQ;HA;S4;S2;H5,0,CJ,CJ,C9
1,S5;C2;H2;C4;H4;C5;D7;C3;S3;C6,1,C9,S5,H8
1,DA;D3;SQ;D4;DQ;CQ;HA;S4;S2;H5,0,H8,DA,CJ
1,SK;S5;C2;H2;C4;H4;C5;C3;S3;C6,1,CJ,SK,D7
1,S7;DA;D3;SQ;D4;DQ;CQ;HA;S4;S2,0,D7,S7,H5
1,SJ;S5;C2;H2;C4;H4;C5;C3;S3;C6,1,H5,SJ,SK
1,SK;DA;D3;SQ;D4;DQ;CQ;HA;S4;S2,0,SK,SK,S7
1,D10;S5;C2;H2;C4;H4;C5;C3;S3;C6,1,S7,D10,SJ
1,SJ;DA;D3;SQ;D4;DQ;CQ;HA;S4;S2,0,SJ,SJ,SK
1,D5;S5;C2;H2;C4;H4;C5;C3;S3;C6,1,SK,D5,D10
1,D10;DA;D3;SQ;D4;DQ;CQ;HA;S4;S2,0,D10,D10,SJ
1,D6;D5;C2;H2;C4;H4;C5;C3;S3;C6,1,SJ,D6,S5
1,SA;DA;D3;SQ;D4;DQ;CQ;HA;S4;S2,0,S5,SA,D10
1,C8;D5;C2;H2;C4;H4;C5;C3;S3;C6,1,D10,C8,D6
1,DK;SA;DA;D3;SQ;D4;DQ;CQ;HA;S2,0,D6,DK,S4
1,S10;D5;C2;H2;C4;H4;C5;C3;S3;C6,1,S4,S10,C8
1,HJ;SA;DA;D3;SQ;D4;DQ;CQ;HA;S2,0,C8,HJ,DK
1,CA;D5;C2;H2;C4;H4;C5;C3;S3;C6,1,DK,CA,S10
1,S10;SA;DA;D3;SQ;D4;DQ;CQ;HA;S2,0,S10,S10,HJ
1,D2;CA;D5;C2;H2;C4;H4;C5;C3;S3,1,HJ,D2,C6
1,D8;SA;DA;D3;SQ;D4;DQ;CQ;HA;S2,0,C6,D8,S10
1,C7;D2;CA;C2;H2;C4;H4;C5;C3;S3,1,S10,C7,D5
1,D5;SA;DA;D3;SQ;D4;DQ;CQ;HA;S2,0,D5,D5,D8
1,H3;D2;CA;C2;H2;C4;H4;C5;C3;S3,1,D8,H3,C7
1,H7;SA;DA;D3;SQ;D4;DQ;CQ;HA;S2,0,C7,H7,D5
1,S6;H3;D2;CA;C2;H2;C4;C5;C3;S3,1,D5,S6,H4
1,H4;SA;DA;D3;SQ;D4;DQ;CQ;HA;S2,0,H4,H4,H7
1,HQ;H3;D2;CA;C2;H2;C4;C5;C3;S3,1,H7,HQ,S6
2,S6;S10;CA;S5;DA;H3;H5;S2;S9;H2,0,H10,S6,HK
2,C8;D3;H7;CQ;C5;S7;S8;C7;SK;D6,1,HK,C8,SQ
2,DK;S6;CA;S5;DA;H3;H5;S2;S9;H2,0,SQ,DK,S10
2,CK;C8;D3;H7;CQ;C5;S7;S8;C7;D6,1,S10,CK,SK
2,SK;S6;CA;S5;DA;H3;H5;S2;S9;H2,0,SK,SK,DK
2,D2;CK;C8;D3;H7;C5;S7;S8;C7;D6,1,DK,D2,CQ
2,D7;S6;CA;S5;DA;H3;H5;S2;S9;H2,0,CQ,D7,SK
2,DQ;D2;C8;D3;H7;C5;S7;S8;C7;D6,1,SK,DQ,CK
2,CK;D7;S6;CA;S5;DA;H3;H5;S2;H2,0,CK,CK,S9
2,DJ;D2;C8;D3;H7;C5;S7;S8;C7;D6,1,S9,DJ,DQ
2,D5;D7;S6;CA;S5;DA;H3;H5;S2;H2,0,DQ,D5,CK
2,D9;D2;C8;D3;H7;C5;S7;S8;C7;D6,1,CK,D9,DJ
2,H9;D5;S6;CA;S5;DA;H3;H5;S2;H2,0,DJ,H9,D7
2,D7;D2;C8;D3;H7;C5;S7;S8;C7;D6,1,D7,D7,D9
2,D9;D5;S6;CA;S5;DA;H3;H5;S2;H2,0,D9,D9,H9
2,C4;D7;D2;C8;D3;H7;C5;S7;C7;D6,1,H9,C4,S8
2,S8;D5;S6;CA;S5;DA;H3;H5;S2;H2,0,S8,S8,D9
2,C10;C4;D7;D2;D3;H7;C5;S7;C7;D6,1,D9,C10,C8
2,C2;D5;S6;CA;S5;DA;H3;H5;S2;H2,0,C8,C2,S8
2,D4;C4;D7;D2;D3;H7;C5;S7;C7;D6,1,S8,D4,C10
2,H6;C2;D5;CA;S5;DA;H3;H5;S2;H2,0,C10,H6,S6
2,H4;D4;C4;D7;D2;D3;H7;C5;S7;C7,1,S6,H4,D6
2,D6;C2;D5;CA;S5;DA;H3;H5;S2;H2,0,D6,D6,H6
2,CJ;H4;D4;C4;D7;D2;D3;H7;S7;C7,1,H6,CJ,C5
2,C5;C2;D5;CA;S5;DA;H3;H5;S2;H2,0,C5,C5,D6
3,C10;HK;HQ;SQ;D10;D5;S5;C8;S8;H7,1,D3,C10,CK
3,H2;H10;HA;H3;SA;C4;S7;DJ;D7;C9,0,CK,H2,CJ
3,CA;C10;HK;HQ;SQ;D5;S5;C8;S8;H7,1,CJ,CA,D10
3,S10;H2;H10;HA;H3;SA;C4;S7;D7;C9,0,D10,S10,DJ
3,CQ;CA;C10;HK;HQ;D5;S5;C8;S8;H7,1,DJ,CQ,SQ
3,H9;S10;H2;HA;H3;SA;C4;S7;D7;C9,0,SQ,H9,H10
3,D9;CQ;CA;C10;HK;D5;S5;C8;S8;H7,1,H10,D9,HQ
3,S6;H9;H2;HA;H3;SA;C4;S7;D7;C9,0,HQ,S6,S10
3,SK;D9;CQ;CA;C10;D5;S5;C8;S8;H7,1,S10,SK,HK
3,HJ;S6;H9;H2;HA;H3;SA;C4;S7;D7,0,HK,HJ,C9
3,C9;SK;D9;CQ;CA;D5;S5;C8;S8;H7,1,C9,C9,C10
3,C10;S6;H9;H2;HA;H3;SA;C4;S7;D7,0,C10,C10,HJ
3,D6;C9;SK;D9;CA;D5;S5;C8;S8;H7,1,HJ,D6,CQ
3,CQ;S6;H9;H2;HA;H3;SA;C4;S7;D7,0,CQ,CQ,C10
3,C10;D6;C9;D9;CA;D5;S5;C8;S8;H7,1,C10,C10,SK
3,C7;S6;H9;H2;HA;H3;SA;C4;S7;D7,0,SK,C7,CQ
3,S2;C10;D6;C9;CA;D5;S5;C8;S8;H7,1,CQ,S2,D9
3,D9;C7;S6;H2;HA;H3;SA;C4;S7;D7,0,D9,D9,H9
3,S3;S2;C10;D6;C9;CA;D5;S5;C8;H7,1,H9,S3,S8
3,S8;C7;S6;H2;HA;H3;SA;C4;S7;D7,0,S8,S8,D9
3,H8;S3;S2;C10;D6;C9;CA;D5;S5;C8,1,D9,H8,H7
3,H7;C7;S6;H2;HA;H3;SA;C4;S7;D7,0,H7,H7,S8
3,C5;S3;S2;C10;D6;C9;CA;D5;S5;C8,1,S8,C5,H8
3,H8;H7;C7;H2;HA;H3;SA;C4;S7;D7,0,H8,H8,S6
3,DK;C5;S3;S2;C10;C9;CA;D5;S5;C8,1,S6,DK,D6
3,C2;H7;C7;H2;HA;H3;SA;C4;S7;D7,0,D6,C2,H8
3,DQ;C5;S3;S2;C10;C9;CA;D5;S5;C8,1,H8,DQ,DK
3,S9;C2;H7;C7;H2;HA;H3;SA;S7;D7,0,DK,S9,C4
3,D4;C5;S3;S2;C10;C9;CA;D5;S5;C8,1,C4,D4,DQ
3,H6;C2;H7;C7;H2;HA;H3;SA;S7;D7,0,DQ,H6,S9
3,H5;C5;S3;S2;C10;C9;CA;D5;S5;C8,1,S9,H5,D4
3,SJ;C2;H7;C7;H2;HA;H3;SA;S7;D7,0,D4,SJ,H6
3,DA;H5;C5;S2;C10;C9;CA;D5;S5;C8,1,H6,DA,S3
3,C6;C2;H7;C7;H2;HA;H3;SA;S7;D7,0,S3,C6,SJ
3,H4;DA;H5;C5;C10;C9;CA;D5;S5;C8,1,SJ,H4,S2
3,S2;C2;H7;C7;H2;HA;H3;SA;S7;D7,0,S2,S2,C6
4,H8;H10;H7;C7;C6;D7;C8;H9;S6;D9,1,HQ,H8,CJ
4,D6;SA;S4;C5;H5;H6;S9;D10;D8;HA,0,CJ,D6,HK
4,D5;H8;H10;H7;C7;C6;D7;C8;H9;S6,1,HK,D5,D9
4,D9;D6;SA;S4;C5;H5;H6;S9;D8;HA,0,D9,D9,D10
4,DJ;D5;H8;H10;H7;C7;C6;D7;H9;S6,1,D10,DJ,C8
4,S8;D9;D6;SA;S4;C5;H5;H6;D8;HA,0,C8,S8,S9
4,DQ;D5;H8;H10;H7;C7;C6;D7;H9;S6,1,S9,DQ,DJ
4,DJ;S8;D6;SA;S4;C5;H5;H6;D8;HA,0,DJ,DJ,D9
4,DK;D5;H8;H10;H7;C7;C6;D7;H9;S6,1,D9,DK,DQ
4,DQ;S8;D6;SA;S4;C5;H5;H6;D8;HA,0,DQ,DQ,DJ
4,C10;D5;H8;H10;H7;C7;C6;D7;H9;S6,1,DJ,C10,DK
4,C4;S8;D6;SA;S4;C5;H5;H6;D8;HA,0,DK,C4,DQ
4,HJ;D5;H8;H10;H7;C7;C6;D7;H9;S6,1,DQ,HJ,C10
4,SQ;C4;S8;D6;SA;S4;C5;H5;H6;HA,0,C10,SQ,D8
4,D2;HJ;D5;H8;H10;H7;C7;C6;H9;S6,1,D8,D2,D7
4,D7;C4;S8;D6;SA;S4;C5;H5;H6;HA,0,D7,D7,SQ
4,CA;D2;HJ;D5;H8;H10;H7;C6;H9;S6,1,SQ,CA,C7
4,H3;D7;C4;D6;SA;S4;C5;H5;H6;HA,0,C7,H3,S8
4,S5;CA;D2;HJ;D5;H8;H10;H7;C6;H9,1,S8,S5,S6
4,S6;H3;C4;D6;SA;S4;C5;H5;H6;HA,0,S6,S6,D7
4,H4;S5;CA;D2;HJ;D5;H8;H10;H7;H9,1,D7,H4,C6
4,C6;S6;H3;C4;D6;SA;S4;C5;H6;HA,0,C6,C6,H5
4,H5;H4;S5;CA;D2;HJ;H8;H10;H7;H9,1,H5,H5,D5
4,D5;C6;S6;H3;C4;D6;SA;S4;H6;HA,0,D5,D5,C5
4,C5;H5;H4;CA;D2;HJ;H8;H10;H7;H9,1,C5,C5,S5
4,S5;C6;S6;H3;C4;D6;SA;S4;H6;HA,0,S5,S5,D5
4,D5;C5;H4;CA;D2;HJ;H8;H10;H7;H9,1,D5,D5,H5
4,S3;C6;S6;H3;C4;D6;SA;S4;H6;HA,0,H5,S3,S5
4,S5;D5;H4;CA;D2;HJ;H8;H10;H7;H9,1,S5,S5,C5
4,SJ;S3;C6;S6;H3;C4;D6;SA;H6;HA,0,C5,SJ,S4
4,CQ;S5;H4;CA;D2;HJ;H8;H10;H7;H9,1,S4,CQ,D5
4,C2;S3;C6;S6;H3;C4;D6;SA;H6;HA,0,D5,C2,SJ
4,C9;S5;H4;CA;D2;HJ;H8;H10;H7;H9,1,SJ,C9,CQ
4,CQ;C2;S3;C6;S6;H3;D6;SA;H6;HA,0,CQ,CQ,C4
4,D3;S5;H4;CA;D2;HJ;H8;H10;H7;H9,1,C4,D3,C9
4,C9;C2;S3;C6;S6;H3;D6;SA;H6;HA,0,C9,C9,CQ
4,H2;D3;H4;CA;D2;HJ;H8;H10;H7;H9,1,CQ,H2,S5
4,CK;C2;S3;C6;S6;H3;D6;SA;H6;HA,0,S5,CK,C9
4,DA;H2;D3;CA;D2;HJ;H8;H10;H7;H9,1,C9,DA,H4
4,H4;C2;S3;C6;S6;H3;D6;SA;H6;HA,0,H4,H4,CK
4,S10;DA;H2;CA;D2;HJ;H8;H10;H7;H9,1,CK,S10,D3
4,D3;C2;S3;C6;S6;H3;D6;SA;H6;HA,0,D3,D3,H4
5,D3;S3;S6;C5;CJ;H8;H4;DA;H7;D9,0,D2,D3,SQ
5,D6;C6;S7;H3;H6;CQ;S5;D7;C7;D4,1,SQ,D6,SJ
5,H5;D3;S3;S6;C5;H8;H4;DA;H7;D9,0,SJ,H5,CJ
5,S4;D6;C6;S7;H3;H6;S5;D7;C7;D4,1,CJ,S4,CQ
5,C8;H5;D3;S3;S6;C5;H8;H4;DA;H7,0,CQ,C8,D9
5,H10;S4;D6;C6;S7;H3;H6;D7;C7;D4,1,D9,H10,S5
5,S5;C8;H5;D3;S3;S6;C5;H4;DA;H7,0,S5,S5,H8
5,H2;S4;D6;C6;S7;H3;H6;D7;C7;D4,1,H8,H2,H10
5,C9;S5;H5;D3;S3;S6;C5;H4;DA;H7,0,H10,C9,C8
5,H9;H2;S4;D6;C6;S7;H3;H6;D7;C7,1,C8,H9,D4
5,S2;S5;H5;D3;S3;S6;C5;H4;DA;H7,0,D4,S2,C9
5,CK;H2;S4;D6;C6;S7;H3;H6;D7;C7,1,C9,CK,H9
5,H9;S2;S5;H5;D3;S3;S6;C5;H4;DA,0,H9,H9,H7
5,C3;H2;S4;D6;C6;S7;H3;H6;D7;C7,1,H7,C3,CK
5,SA;S2;S5;H5;D3;S3;S6;C5;H4;DA,0,CK,SA,H9
5,D10;C3;H2;D6;C6;S7;H3;H6;D7;C7,1,H9,D10,S4
5,S4;SA;S2;S5;H5;D3;S3;C5;H4;DA,0,S4,S4,S6
5,C2;C3;H2;D6;C6;S7;H3;H6;D7;C7,1,S6,C2,D10
5,C10;S4;SA;S2;S5;H5;D3;S3;C5;DA,0,D10,C10,H4
5,H4;C2;C3;H2;D6;C6;S7;H6;D7;C7,1,H4,H4,H3
5,H3;S4;SA;S2;S5;H5;D3;S3;C5;DA,0,H3,H3,C10
6,SQ;DJ;H7;HQ;HK;H2;C3;H8;H3;S8,1,SJ,SQ,CQ
6,CQ;D5;CK;D9;C8;D10;HA;S9;CJ;H9,0,CQ,CQ,SK
6,SA;SQ;DJ;H7;HQ;H2;C3;H8;H3;S8,1,SK,SA,HK
6,HK;CQ;D5;D9;C8;D10;HA;S9;CJ;H9,0,HK,HK,CK
6,DQ;SA;SQ;DJ;H7;H2;C3;H8;H3;S8,1,CK,DQ,HQ
6,DK;CQ;D5;D9;C8;D10;HA;S9;CJ;H9,0,HQ,DK,HK
6,H4;DQ;SA;SQ;H7;H2;C3;H8;H3;S8,1,HK,H4,DJ
6,DJ;CQ;D5;D9;C8;D10;HA;S9;CJ;H9,0,DJ,DJ,DK
6,C10;H4;DQ;SA;H7;H2;C3;H8;H3;S8,1,DK,C10,SQ
6,D2;DJ;D5;D9;C8;D10;HA;S9;CJ;H9,0,SQ,D2,CQ
6,CA;C10;H4;SA;H7;H2;C3;H8;H3;S8,1,CQ,CA,DQ
6,DQ;D2;DJ;D5;D9;C8;D10;HA;S9;H9,0,DQ,DQ,CJ
6,DA;CA;H4;SA;H7;H2;C3;H8;H3;S8,1,CJ,DA,C10
6,C10;D2;DJ;D5;D9;C8;D10;HA;S9;H9,0,C10,C10,DQ
6,D6;DA;CA;H4;SA;H7;H2;C3;H8;H3,1,DQ,D6,S8
6,S2;C10;D2;D5;D9;C8;D10;HA;S9;H9,0,S8,S2,DJ
6,S5;D6;DA;CA;H4;SA;H7;H2;C3;H3,1,DJ,S5,H8
6,C7;S2;C10;D2;D5;D9;C8;HA;S9;H9,0,H8,C7,D10
6,S10;S5;D6;DA;CA;H4;SA;H2;C3;H3,1,D10,S10,H7
6,C5;C7;S2;D2;D5;D9;C8;HA;S9;H9,0,H7,C5,C10
6,S3;S5;D6;DA;CA;H4;SA;H2;C3;H3,1,C10,S3,S10
6,S10;C5;C7;S2;D2;D5;D9;HA;S9;H9,0,S10,S10,C8
6,D8;S3;S5;DA;CA;H4;SA;H2;C3;H3,1,C8,D8,D6
6,S7;C5;C7;S2;D2;D5;D9;HA;S9;H9,0,D6,S7,S10
6,C2;S3;S5;DA;CA;H4;SA;H2;C3;H3,1,S10,C2,D8
6,H10;S7;C5;S2;D2;D5;D9;HA;S9;H9,0,D8,H10,C7
6,HJ;C2;S3;DA;CA;H4;SA;H2;C3;H3,1,C7,HJ,S5
6,S5;S7;C5;S2;D2;D5;D9;HA;S9;H9,0,S5,S5,H10
6,D7;C2;S3;DA;CA;H4;SA;H2;C3;H3,1,H10,D7,HJ
6,HJ;S5;C5;S2;D2;D5;D9;HA;S9;H9,0,HJ,HJ,S7
6,H5;C2;S3;DA;CA;H4;SA;H2;C3;H3,1,S7,H5,D7
6,D7;S5;C5;S2;D2;D5;D9;HA;S9;H9,0,D7,D7,HJ
6,C4;H5;C2;S3;DA;CA;H4;SA;H2;H3,1,HJ,C4,C3
6,S6;S5;C5;S2;D2;D5;D9;HA;S9;H9,0,C3,S6,D7
6,H6;H5;C2;S3;DA;CA;H4;SA;H2;H3,1,D7,H6,C4
6,S4;S5;C5;S2;D2;D5;D9;HA;S9;H9,0,C4,S4,S6
7,HK;H10;CA;H9;H5;D6;S9;C10;C4;H7,0,C8,HK,CJ
7,HA;C5;S5;D4;S6;S2;DQ;H2;D3;H4,1,CJ,HA,CQ
7,CQ;H10;CA;H9;H5;D6;S9;C10;C4;H7,0,CQ,CQ,HK
7,D2;HA;C5;S5;D4;S6;S2;H2;D3;H4,1,HK,D2,DQ
7,SK;H10;CA;H9;H5;D6;S9;C10;C4;H7,0,DQ,SK,CQ
7,H8;D2;HA;C5;S5;D4;S2;H2;D3;H4,1,CQ,H8,S6
7,DK;H10;CA;H9;H5;D6;S9;C10;C4;H7,0,S6,DK,SK
7,D5;D2;HA;C5;S5;D4;S2;H2;D3;H4,1,SK,D5,H8
7,H8;H10;CA;H9;H5;D6;S9;C10;C4;H7,0,H8,H8,DK
7,H3;D5;D2;HA;C5;D4;S2;H2;D3;H4,1,DK,H3,S5
7,D7;H8;H10;CA;H9;H5;D6;S9;C4;H7,0,S5,D7,C10
7,CK;H3;D5;D2;HA;D4;S2;H2;D3;H4,1,C10,CK,C5
7,HJ;D7;H8;CA;H9;H5;D6;S9;C4;H7,0,C5,HJ,H10
7,SQ;H3;D5;D2;HA;D4;S2;H2;D3;H4,1,H10,SQ,CK
7,CK;D7;H8;CA;H9;H5;D6;S9;C4;H7,0,CK,CK,HJ
7,S8;H3;D5;D2;HA;D4;S2;H2;D3;H4,1,HJ,S8,SQ
7,SJ;D7;H8;CA;H9;H5;D6;S9;C4;H7,0,SQ,SJ,CK
7,D10;H3;D5;D2;HA;D4;S2;H2;D3;H4,1,CK,D10,S8
7,C9;D7;H8;CA;H9;H5;D6;S9;C4;H7,0,S8,C9,SJ
7,S3;H3;D5;D2;HA;D4;S2;H2;D3;H4,1,SJ,S3,D10
7,D10;C9;D7;CA;H9;H5;D6;S9;C4;H7,0,D10,D10,H8
7,DA;H3;D5;D2;HA;D4;S2;H2;D3;H4,1,H8,DA,S3
7,C6;C9;D7;CA;H9;H5;D6;S9;C4;H7,0,S3,C6,D10
7,S7;DA;H3;D5;D2;HA;D4;S2;H2;D3,1,D10,S7,H4
7,SA;C6;C9;D7;CA;H9;H5;D6;S9;C4,0,H4,SA,H7
7,S4;DA;H3;D5;D2;HA;D4;S2;H2;D3,1,H7,S4,S7
7,S7;SA;C6;C9;CA;H9;H5;D6;S9;C4,0,S7,S7,D7
7,HQ;DA;H3;D5;D2;HA;D4;S2;H2;D3,1,D7,HQ,S4
7,C2;SA;C6;C9;CA;H9;H5;D6;S9;C4,0,S4,C2,S7
7,C7;DA;H3;D5;D2;HA;D4;S2;H2;D3,1,S7,C7,HQ
7,HQ;C2;SA;C6;C9;CA;H9;H5;S9;C4,0,HQ,HQ,D6
7,D8;DA;H3;D5;D2;HA;D4;S2;H2;D3,1,D6,D8,C7
7,C7;C2;SA;C6;C9;CA;H9;H5;S9;C4,0,C7,C7,HQ
7,D9;DA;H3;D5;D2;HA;D4;S2;H2;D3,1,HQ,D9,D8
7,D8;C2;SA;C6;C9;CA;H9;H5;S9;C4,0,D8,D8,C7
7,DJ;DA;H3;D5;D2;HA;D4;S2;H2;D3,1,C7,DJ,D9
7,D9;C2;SA;C6;C9;CA;H9;H5;S9;C4,0,D9,D9,D8
7,S10;DA;H3;D5;D2;HA;D4;S2;H2;D3,1,D8,S10,DJ
7,DJ;D9;C2;SA;C9;CA;H9;H5;S9;C4,0,DJ,DJ,C6
7,H6;DA;H3;D5;D2;HA;D4;S2;H2;D3,1,C6,H6,S10
7,S10;D9;C2;SA;C9;CA;H9;H5;S9;C4,0,S10,S10,DJ
7,C3;DA;H3;D5;D2;HA;D4;S2;H2;D3,1,DJ,C3,H6
8,C2;S4;H3;SA;DA;C6;S5;H5;HA;C3,0,DK,C2,HK
8,S7;C4;SK;D3;D9;SQ;C5;C7;H2;DJ,1,HK,S7,DQ
8,D4;C2;S4;H3;SA;DA;S5;H5;HA;C3,0,DQ,D4,C6
8,C6;S7;C4;SK;D3;D9;SQ;C5;C7;H2,1,C6,C6,DJ
8,S6;D4;C2;S4;H3;SA;DA;S5;HA;C3,0,DJ,S6,H5
8,CK;C6;S7;C4;SK;D3;D9;C5;C7;H2,1,H5,CK,SQ
8,C10;D4;C2;S4;H3;SA;DA;S5;HA;C3,0,SQ,C10,S6
8,D6;CK;C6;S7;C4;D3;D9;C5;C7;H2,1,S6,D6,SK
8,SJ;D4;C2;S4;H3;SA;DA;S5;HA;C3,0,SK,SJ,C10
8,D2;D6;C6;S7;C4;D3;D9;C5;C7;H2,1,C10,D2,CK
8,S2;D4;C2;S4;H3;SA;DA;S5;HA;C3,0,CK,S2,SJ
8,CA;D2;D6;C6;S7;C4;D3;C5;C7;H2,1,SJ,CA,D9
8,S8;S2;D4;C2;S4;H3;SA;DA;HA;C3,0,D9,S8,S5
8,H10;CA;D2;D6;C6;C4;D3;C5;C7;H2,1,S5,H10,S7
8,S7;S2;D4;C2;S4;H3;SA;DA;HA;C3,0,S7,S7,S8
8,HJ;CA;D2;D6;C6;C4;D3;C5;C7;H2,1,S8,HJ,H10
8,H9;S2;D4;C2;S4;H3;SA;DA;HA;C3,0,H10,H9,S7
8,D7;CA;D2;D6;C6;C4;D3;C5;C7;H2,1,S7,D7,HJ
8,H7;S2;D4;C2;S4;H3;SA;DA;HA;C3,0,HJ,H7,H9
8,S10;CA;D2;D6;C6;C4;D3;C5;C7;H2,1,H9,S10,D7
8,D7;S2;D4;C2;S4;H3;SA;DA;HA;C3,0,D7,D7,H7
8,CJ;CA;D2;D6;C6;C4;D3;C5;C7;H2,1,H7,CJ,S10
8,H8;S2;D4;C2;S4;H3;SA;DA;HA;C3,0,S10,H8,D7
8,S9;CA;D2;D6;C6;C4;D3;C5;C7;H2,1,D7,S9,CJ
8,D10;S2;D4;C2;S4;H3;SA;DA;HA;C3,0,CJ,D10,H8
8,D5;CA;D2;D6;C6;C4;D3;C5;C7;H2,1,H8,D5,S9
8,HQ;S2;D4;C2;S4;H3;SA;DA;HA;C3,0,S9,HQ,D10
8,D8;D5;CA;D2;C6;C4;D3;C5;C7;H2,1,D10,D8,D6
8,D6;S2;D4;C2;S4;H3;SA;DA;HA;C3,0,D6,D6,HQ
8,S3;D5;CA;D2;C6;C4;D3;C5;C7;H2,1,HQ,S3,D8
8,D8;S2;D4;C2;S4;H3;SA;DA;HA;C3,0,D8,D8,D6
8,H4;S3;CA;D2;C6;C4;D3;C5;C7;H2,1,D6,H4,D5
8,D5;S2;D4;C2;S4;H3;SA;DA;HA;C3,0,D5,D5,D8
8,CQ;S3;CA;D2;C6;C4;D3;C5;C7;H2,1,D8,CQ,H4
8,H4;S2;D4;C2;S4;H3;SA;DA;HA;C3,0,H4,H4,D5
9,H9;DK;C6;CK;C10;CJ;C9;DJ;H3;H4,1,SA,H9,D10
9,HK;D4;S3;SJ;H10;D2;H8;HQ;S8;CA,0,D10,HK,SK
9,SK;H9;DK;C6;CK;C10;CJ;C9;H3;H4,1,SK,SK,DJ
9,S9;D4;S3;SJ;H10;D2;H8;HQ;S8;CA,0,DJ,S9,HK
9,HK;SK;DK;C6;CK;C10;CJ;C9;H3;H4,1,HK,HK,H9
9,H9;S9;D4;S3;SJ;H10;D2;H8;S8;CA,0,H9,H9,HQ
9,D5;HK;SK;DK;CK;C10;CJ;C9;H3;H4,1,HQ,D5,C6
9,D3;H9;S9;D4;S3;H10;D2;H8;S8;CA,0,C6,D3,SJ
9,S10;HK;SK;DK;CK;C10;CJ;C9;H3;H4,1,SJ,S10,D5
9,D5;D3;H9;S9;D4;S3;D2;H8;S8;CA,0,D5,D5,H10
9,CQ;HK;SK;DK;CK;C10;CJ;C9;H3;H4,1,H10,CQ,S10
9,S10;D5;D3;H9;D4;S3;D2;H8;S8;CA,0,S10,S10,S9
9,H6;CQ;HK;SK;DK;CK;C10;CJ;C9;H3,1,S9,H6,H4
9,C3;D5;D3;H9;D4;S3;D2;H8;S8;CA,0,H4,C3,S10
9,H7;CQ;HK;SK;DK;CK;C10;CJ;C9;H3,1,S10,H7,H6
9,D8;C3;D5;D3;D4;S3;D2;H8;S8;CA,0,H6,D8,H9
9,DA;CQ;HK;SK;DK;CK;C10;CJ;C9;H3,1,H9,DA,H7
9,H7;D8;C3;D3;D4;S3;D2;H8;S8;CA,0,H7,H7,D5
9,H2;DA;CQ;HK;SK;DK;CK;C10;CJ;C9,1,D5,H2,H3
9,H3;D8;C3;D3;D4;S3;D2;H8;S8;CA,0,H3,H3,H7
10,CA;S5;C6;H4;C4;H6;C5;C3;S2;C2,0,H7,CA,D10
10,CJ;S8;DK;H2;DA;C8;D4;H9;S3;D6,1,D10,CJ,HK
10,C10;CA;S5;C6;H4;C4;C5;C3;S2;C2,0,HK,C10,H6
10,H5;CJ;S8;H2;DA;C8;D4;H9;S3;D6,1,H6,H5,DK
10,H10;CA;S5;C6;H4;C4;C5;C3;S2;C2,0,DK,H10,C10
10,D5;H5;S8;H2;DA;C8;D4;H9;S3;D6,1,C10,D5,CJ
10,SA;CA;S5;C6;H4;C4;C5;C3;S2;C2,0,CJ,SA,H10
10,HA;D5;H5;S8;H2;DA;C8;D4;S3;D6,1,H10,HA,H9
10,D3;SA;CA;S5;H4;C4;C5;C3;S2;C2,0,H9,D3,C6
10,CK;HA;D5;H5;S8;H2;DA;D4;S3;D6,1,C6,CK,C8
10,S9;D3;SA;CA;S5;H4;C4;C3;S2;C2,0,C8,S9,C5
10,HQ;HA;D5;H5;S8;H2;DA;D4;S3;D6,1,C5,HQ,CK
10,S6;D3;SA;CA;S5;H4;C4;C3;S2;C2,0,CK,S6,S9
10,DQ;HA;D5;H5;S8;H2;DA;D4;S3;D6,1,S9,DQ,HQ
10,HJ;D3;SA;CA;S5;H4;C4;C3;S2;C2,0,HQ,HJ,S6
10,D9;HA;D5;H5;S8;H2;DA;D4;S3;D6,1,S6,D9,DQ
10,C9;D3;SA;CA;S5;H4;C4;C3;S2;C2,0,DQ,C9,HJ
10,DJ;HA;D5;H5;S8;H2;DA;D4;S3;D6,1,HJ,DJ,D9
10,D9;D3;SA;CA;S5;H4;C4;C3;S2;C2,0,D9,D9,C9
10,D2;HA;D5;H5;S8;H2;DA;D4;S3;D6,1,C9,D2,DJ
10,DJ;D3;SA;CA;S5;H4;C4;C3;S2;C2,0,DJ,DJ,D9
10,SK;D2;HA;D5;H5;H2;DA;D4;S3;D6,1,D9,SK,S8
10,CQ;D3;SA;CA;S5;H4;C4;C3;S2;C2,0,S8,CQ,DJ
10,S4;D2;HA;D5;H5;H2;DA;D4;S3;D6,1,DJ,S4,SK
10,S7;D3;SA;CA;S5;H4;C4;C3;S2;C2,0,SK,S7,CQ
10,D7;S4;D2;HA;D5;H2;DA;D4;S3;D6,1,CQ,D7,H5
10,H5;D3;SA;CA;S5;H4;C4;C3;S2;C2,0,H5,H5,S7
10,D8;D7;D2;HA;D5;H2;DA;D4;S3;D6,1,S7,D8,S4
10,S4;H5;D3;SA;CA;H4;C4;C3;S2;C2,0,S4,S4,S5
10,H8;D8;D7;D2;HA;D5;H2;DA;D4;D6,1,S5,H8,S3
10,S3;S4;D3;SA;CA;H4;C4;C3;S2;C2,0,S3,S3,H5
11,D6;D4;H2;S10;S4;HQ;HJ;C4;SA;D8,0,D3,D6,SQ
11,SQ;H3;DJ;H7;DQ;S5;S8;HA;SK;C9,1,SQ,SQ,SJ
11,SJ;D6;D4;H2;S10;S4;HJ;C4;SA;D8,0,SJ,SJ,HQ
11,HQ;SQ;H3;DJ;H7;DQ;S5;S8;HA;C9,1,HQ,HQ,SK
11,SK;SJ;D6;D4;H2;S10;S4;C4;SA;D8,0,SK,SK,HJ
11,C6;HQ;SQ;H3;H7;DQ;S5;S8;HA;C9,1,HJ,C6,DJ
11,DJ;SJ;D6;D4;H2;S10;S4;C4;SA;D8,0,DJ,DJ,SK
11,D7;C6;HQ;SQ;H3;H7;DQ;S5;S8;HA,1,SK,D7,C9
11,H5;DJ;D6;D4;H2;S10;S4;C4;SA;D8,0,C9,H5,SJ
11,S2;D7;C6;HQ;SQ;H3;H7;DQ;S5;HA,1,SJ,S2,S8
11,C5;H5;D6;D4;H2;S10;S4;C4;SA;D8,0,S8,C5,DJ
11,S6;S2;D7;C6;HQ;SQ;H3;DQ;S5;HA,1,DJ,S6,H7
11,H9;C5;H5;D6;D4;H2;S4;C4;SA;D8,0,H7,H9,S10
11,D9;S6;S2;C6;HQ;SQ;H3;DQ;S5;HA,1,S10,D9,D7
11,D7;C5;H5;D6;D4;H2;S4;C4;SA;D8,0,D7,D7,H9
11,H6;S6;S2;C6;HQ;SQ;H3;DQ;S5;HA,1,H9,H6,D9
11,D9;D7;C5;H5;D6;D4;H2;S4;C4;SA,0,D9,D9,D8
11,H10;H6;S6;S2;C6;HQ;SQ;H3;DQ;HA,1,D8,H10,S5
11,S5;D7;C5;H5;D6;D4;H2;S4;C4;SA,0,S5,S5,D9
11,DK;H6;S6;S2;C6;HQ;SQ;H3;DQ;HA,1,D9,DK,H10
11,H10;S5;C5;H5;D6;D4;H2;S4;C4;SA,0,H10,H10,D7
11,HK;H6;S6;S2;C6;HQ;SQ;H3;DQ;HA,1,D7,HK,DK
11,S9;S5;C5;H5;D6;D4;H2;S4;C4;SA,0,DK,S9,H10
11,CA;H6;S6;S2;C6;HQ;SQ;H3;DQ;HA,1,H10,CA,HK
11,HK;S5;C5;H5;D6;D4;H2;S4;C4;SA,0,HK,HK,S9
11,D5;CA;H6;S6;S2;C6;HQ;SQ;DQ;HA,1,S9,D5,H3
11,C2;S5;C5;H5;D6;D4;H2;S4;C4;SA,0,H3,C2,HK
11,S3;CA;H6;S6;S2;C6;HQ;SQ;DQ;HA,1,HK,S3,D5
11,D5;C2;S5;C5;H5;D4;H2;S4;C4;SA,0,D5,D5,D6
12,H3;H2;C2;D2;C4;S2;HA;S6;D3;CA,1,H3,H3,C8
12,S4;SK;D7;SA;S5;H7;C5;D5;SJ;DQ,0,C8,S4,DK
12,H9;H3;H2;C2;D2;C4;S2;HA;D3;CA,1,DK,H9,S6
12,S6;S4;D7;SA;S5;H7;C5;D5;SJ;DQ,0,S6,S6,SK
12,H5;H3;H2;C2;D2;C4;S2;HA;D3;CA,1,SK,H5,H9
12,HJ;S6;S4;D7;SA;S5;H7;C5;D5;SJ,0,H9,HJ,DQ
12,D10;H3;H2;C2;D2;C4;S2;HA;D3;CA,1,DQ,D10,H5
12,H5;HJ;S6;S4;D7;SA;S5;H7;C5;D5,0,H5,H5,SJ
12,C10;H3;H2;C2;D2;C4;S2;HA;D3;CA,1,SJ,C10,D10
12,H4;H5;S6;S4;D7;SA;S5;H7;C5;D5,0,D10,H4,HJ
12,H8;H3;H2;C2;D2;C4;S2;HA;D3;CA,1,HJ,H8,C10
12,DA;H4;H5;S6;S4;D7;SA;S5;C5;D5,0,C10,DA,H7
12,CK;H3;H2;C2;D2;C4;S2;HA;D3;CA,1,H7,CK,H8
12,S10;DA;H4;H5;S6;S4;SA;S5;C5;D5,0,H8,S10,D7
12,S8;H3;H2;C2;D2;C4;S2;HA;D3;CA,1,D7,S8,CK
12,CK;DA;H4;H5;S6;S4;SA;S5;C5;D5,0,CK,CK,S10
12,D4;H3;H2;C2;D2;C4;S2;HA;D3;CA,1,S10,D4,S8
12,HQ;DA;H4;H5;S6;S4;SA;S5;C5;D5,0,S8,HQ,CK
12,C7;D4;H3;H2;C2;D2;S2;HA;D3;CA,1,CK,C7,C4
12,C4;DA;H4;H5;S6;S4;SA;S5;C5;D5,0,C4,C4,HQ
13,D7;S8;H7;SA;C7;D4;D8;D2;D9;CQ,0,D7,D7,HK
13,H8;C3;DJ;HQ;CJ;SQ;S10;DK;C5;H4,1,HK,H8,C10
13,S4;D7;S8;H7;SA;C7;D4;D8;D2;D9,0,C10,S4,CQ
13,CQ;H8;C3;DJ;HQ;CJ;SQ;S10;C5;H4,1,CQ,CQ,DK
13,S5;S4;D7;S8;H7;SA;C7;D4;D8;D2,0,DK,S5,D9
13,H5;CQ;H8;C3;DJ;HQ;CJ;SQ;C5;H4,1,D9,H5,S10
13,D10;S5;S4;D7;S8;H7;SA;C7;D4;D2,0,S10,D10,D8
13,SJ;H5;CQ;H8;C3;DJ;HQ;SQ;C5;H4,1,D8,SJ,CJ
13,H6;S5;S4;D7;S8;H7;SA;C7;D4;D2,0,CJ,H6,D10
13,S2;SJ;H5;CQ;H8;C3;HQ;SQ;C5;H4,1,D10,S2,DJ
13,DJ;H6;S5;S4;D7;H7;SA;C7;D4;D2,0,DJ,DJ,S8
13,D5;S2;H5;CQ;H8;C3;HQ;SQ;C5;H4,1,S8,D5,SJ
13,DQ;H6;S5;S4;D7;H7;SA;C7;D4;D2,0,SJ,DQ,DJ
13,S6;D5;S2;H5;CQ;C3;HQ;SQ;C5;H4,1,DJ,S6,H8
13,H8;H6;S5;S4;D7;H7;SA;C7;D4;D2,0,H8,H8,DQ
13,C8;D5;S2;H5;CQ;C3;HQ;SQ;C5;H4,1,DQ,C8,S6
13,S6;H6;S5;S4;D7;H7;SA;C7;D4;D2,0,S6,S6,H8
13,C9;D5;S2;H5;CQ;C3;HQ;SQ;C5;H4,1,H8,C9,C8
13,C8;S6;S5;S4;D7;H7;SA;C7;D4;D2,0,C8,C8,H6
13,CK;D5;S2;H5;CQ;C3;HQ;SQ;C5;H4,1,H6,CK,C9
13,C9;S6;S5;S4;D7;H7;SA;C7;D4;D2,0,C9,C9,C8
13,H9;D5;S2;H5;CQ;C3;HQ;SQ;C5;H4,1,C8,H9,CK
13,C2;S6;S5;S4;D7;H7;SA;C7;D4;D2,0,CK,C2,C9
13,H10;D5;S2;H5;CQ;C3;HQ;SQ;C5;H4,1,C9,H10,H9
13,H9;C2;S5;S4;D7;H7;SA;C7;D4;D2,0,H9,H9,S6
13,HA;D5;S2;H5;CQ;C3;HQ;SQ;C5;H4,1,S6,HA,H10
13,H10;C2;S5;S4;D7;H7;SA;C7;D4;D2,0,H10,H10,H9
13,S3;HA;D5;S2;H5;CQ;C3;HQ;SQ;C5,1,H9,S3,H4
13,H4;C2;S5;S4;D7;H7;SA;C7;D4;D2,0,H4,H4,H10
14,S7;C9;HA;S2;CA;H6;SQ;SK;HK;D9,1,H8,S7,D10
14,H5;H7;H9;S3;H3;DA;D3;S8;S6;S4,0,D10,H5,CQ
14,CK;S7;C9;HA;S2;CA;H6;SQ;SK;D9,1,CQ,CK,HK
14,C4;H5;H7;S3;H3;DA;D3;S8;S6;S4,0,HK,C4,H9
14,H9;CK;S7;C9;HA;S2;CA;H6;SQ;D9,1,H9,H9,SK
14,D2;C4;H5;H7;S3;H3;DA;D3;S6;S4,0,SK,D2,S8
14,D6;H9;CK;S7;C9;HA;S2;CA;H6;D9,1,S8,D6,SQ
14,D8;D2;C4;H5;S3;H3;DA;D3;S6;S4,0,SQ,D8,H7
14,HJ;D6;H9;S7;C9;HA;S2;CA;H6;D9,1,H7,HJ,CK
14,H2;D2;C4;H5;S3;H3;DA;D3;S6;S4,0,CK,H2,D8
14,D7;D6;H9;S7;C9;HA;S2;CA;H6;D9,1,D8,D7,HJ
14,DK;H2;D2;C4;H5;S3;H3;DA;D3;S4,0,HJ,DK,S6
14,S6;D7;D6;H9;C9;HA;S2;CA;H6;D9,1,S6,S6,S7
14,S7;H2;D2;C4;H5;S3;H3;DA;D3;S4,0,S7,S7,DK
14,C6;S6;D6;H9;C9;HA;S2;CA;H6;D9,1,DK,C6,D7
14,D7;H2;D2;C4;H5;S3;H3;DA;D3;S4,0,D7,D7,S7
14,C2;C6;S6;D6;H9;C9;HA;S2;CA;H6,1,S7,C2,D9
14,D9;H2;D2;C4;H5;S3;H3;DA;D3;S4,0,D9,D9,D7
14,SJ;C2;C6;S6;D6;H9;HA;S2;CA;H6,1,D7,SJ,C9
14,C9;H2;D2;C4;H5;S3;H3;DA;D3;S4,0,C9,C9,D9
14,SA;C2;C6;S6;D6;H9;HA;S2;CA;H6,1,D9,SA,SJ
14,C3;H2;D2;C4;H5;S3;H3;DA;D3;S4,0,SJ,C3,C9
14,S5;SA;C2;C6;S6;D6;HA;S2;CA;H6,1,C9,S5,H9
14,S9;C3;H2;D2;C4;S3;H3;DA;D3;S4,0,H9,S9,H5
14,S10;SA;C2;C6;S6;D6;HA;S2;CA;H6,1,H5,S10,S5
14,S5;C3;H2;D2;C4;S3;H3;DA;D3;S4,0,S5,S5,S9
14,C10;SA;C2;C6;S6;D6;HA;S2;CA;H6,1,S9,C10,S10
14,C7;C3;H2;D2;C4;S3;H3;DA;D3;S4,0,S10,C7,S5
14,DQ;SA;C2;C6;S6;D6;HA;S2;CA;H6,1,S5,DQ,C10
14,DJ;C3;H2;D2;C4;S3;H3;DA;D3;S4,0,C10,DJ,C7
14,CJ;SA;C2;C6;S6;D6;HA;S2;CA;H6,1,C7,CJ,DQ
14,DQ;C3;H2;D2;C4;S3;H3;DA;D3;S4,0,DQ,DQ,DJ
14,HQ;SA;C2;C6;S6;D6;HA;S2;CA;H6,1,DJ,HQ,CJ
14,D4;C3;H2;D2;C4;S3;H3;DA;D3;S4,0,CJ,D4,DQ
15,CK;H7;D3;H8;D5;HA;S3;S6;H4;CA,0,C5,CK,S9
15,H9;H10;C7;H3;C4;SK;D8;H6;C3;SA,1,S9,H9,DQ
15,CQ;H7;D3;H8;D5;HA;S3;S6;H4;CA,0,DQ,CQ,CK
15,C6;H9;H10;C7;H3;C4;D8;H6;C3;SA,1,CK,C6,SK
15,CJ;H7;D3;H8;D5;HA;S3;S6;H4;CA,0,SK,CJ,CQ
15,SQ;C6;H9;C7;H3;C4;D8;H6;C3;SA,1,CQ,SQ,H10
15,D10;H7;D3;H8;D5;HA;S3;S6;H4;CA,0,H10,D10,CJ
15,S10;C6;H9;C7;H3;C4;D8;H6;C3;SA,1,CJ,S10,SQ
15,SJ;H7;D3;H8;D5;HA;S3;S6;H4;CA,0,SQ,SJ,D10
15,S2;C6;H9;C7;H3;C4;D8;H6;C3;SA,1,D10,S2,S10
15,S10;H7;D3;H8;D5;HA;S3;S6;H4;CA,0,S10,S10,SJ
15,DK;S2;C6;C7;H3;C4;D8;H6;C3;SA,1,SJ,DK,H9
15,H9;H7;D3;H8;D5;HA;S3;S6;H4;CA,0,H9,H9,S10
15,S8;S2;C6;C7;H3;C4;D8;H6;C3;SA,1,S10,S8,DK
15,HJ;H7;D3;H8;D5;HA;S3;S6;H4;CA,0,DK,HJ,H9
15,C10;S8;S2;C6;C7;H3;C4;H6;C3;SA,1,H9,C10,D8
15,C8;H7;D3;H8;D5;HA;S3;S6;H4;CA,0,D8,C8,HJ
15,H2;S8;S2;C6;C7;H3;C4;H6;C3;SA,1,HJ,H2,C10
15,C10;C8;H7;D3;D5;HA;S3;S6;H4;CA,0,C10,C10,H8
15,D2;H2;S2;C6;C7;H3;C4;H6;C3;SA,1,H8,D2,S8
15,S8;C8;H7;D3;D5;HA;S3;S6;H4;CA,0,S8,S8,C10
15,HK;D2;H2;S2;C6;H3;C4;H6;C3;SA,1,C10,HK,C7
15,C9;S8;H7;D3;D5;HA;S3;S6;H4;CA,0,C7,C9,C8
15,H5;D2;H2;S2;C6;H3;C4;H6;C3;SA,1,C8,H5,HK
15,C2;S8;H7;D3;D5;HA;S3;S6;H4;CA,0,HK,C2,C9
15,D4;H5;D2;H2;S2;C6;H3;C4;C3;SA,1,C9,D4,H6
15,H6;C2;H7;D3;D5;HA;S3;S6;H4;CA,0,H6,H6,S8
15,D9;D4;H5;D2;H2;S2;H3;C4;C3;SA,1,S8,D9,C6
15,C6;H6;C2;D3;D5;HA;S3;S6;H4;CA,0,C6,C6,H7
15,DJ;D4;H5;D2;H2;S2;H3;C4;C3;SA,1,H7,DJ,D9
15,D9;C6;H6;C2;D3;HA;S3;S6;H4;CA,0,D9,D9,D5
15,HQ;D4;H5;D2;H2;S2;H3;C4;C3;SA,1,D5,HQ,DJ
15,DJ;C6;H6;C2;D3;HA;S3;S6;H4;CA,0,DJ,DJ,D9
15,S7;D4;H5;D2;H2;S2;H3;C4;C3;SA,1,D9,S7,HQ
15,D6;C6;H6;C2;D3;HA;S3;S6;H4;CA,0,HQ,D6,DJ
15,DA;D4;H5;D2;H2;S2;H3;C4;C3;SA,1,DJ,DA,S7
15,S7;D6;C6;H6;C2;D3;HA;S3;S6;CA,0,S7,S7,H4
15,H4;DA;D4;D2;H2;S2;H3;C4;C3;SA,1,H4,H4,H5
15,H5;D6;C6;H6;C2;D3;HA;S3;S6;CA,0,H5,H5,S7
15,S4;H4;DA;D4;D2;H2;S2;H3;C3;SA,1,S7,S4,C4
15,S5;D6;C6;H6;C2;D3;HA;S3;S6;CA,0,C4,S5,H5
15,H5;S4;H4;DA;D2;H2;S2;H3;C3;SA,1,H5,H5,D4
15,D4;D6;C6;H6;C2;D3;HA;S3;S6;CA,0,D4,D4,S5
15,D7;H5;H4;DA;D2;H2;S2;H3;C3;SA,1,S5,D7,S4
16,H9;H10;D7;S4;S7;D4;HQ;H7;C7;HJ,1,H9,H9,SJ
16,S2;H5;HA;DA;C2;C6;D6;C4;H3;S5,0,SJ,S2,SK
16,H2;H9;H10;D7;S4;S7;HQ;H7;C7;HJ,1,SK,H2,D4
16,C10;S2;H5;HA;DA;C2;C6;C4;H3;S5,0,D4,C10,D6
16,D5;H2;H9;H10;D7;S7;HQ;H7;C7;HJ,1,D6,D5,S4
16,H4;S2;H5;HA;DA;C2;C6;C4;H3;S5,0,S4,H4,C10
16,DJ;H2;H9;H10;D7;S7;HQ;H7;C7;HJ,1,C10,DJ,D5
16,D5;H4;S2;H5;HA;DA;C2;C4;H3;S5,0,D5,D5,C6
16,S8;H2;H9;H10;D7;S7;HQ;H7;C7;HJ,1,C6,S8,DJ
16,SA;D5;H4;S2;H5;HA;DA;C2;H3;S5,0,DJ,SA,C4
16,DK;H2;H9;H10;D7;S7;HQ;H7;C7;HJ,1,C4,DK,S8
16,D10;SA;D5;S2;H5;HA;DA;C2;H3;S5,0,S8,D10,H4
16,HK;H2;H9;H10;D7;S7;HQ;H7;C7;HJ,1,H4,HK,DK
16,SQ;SA;D5;S2;H5;HA;DA;C2;H3;S5,0,DK,SQ,D10
16,D3;HK;H9;H10;D7;S7;HQ;H7;C7;HJ,1,D10,D3,H2
16,H2;SA;D5;S2;H5;HA;DA;C2;H3;S5,0,H2,H2,SQ
17,S8;D7;C5;H7;S9;S10;CJ;H10;H9;C10,0,DA,S8,HQ
17,DQ;HJ;CK;DJ;S7;C8;H4;S3;C9;SJ,1,HQ,DQ,SQ
17,C7;S8;D7;C5;H7;S9;S10;H10;H9;C10,0,SQ,C7,CJ
17,CJ;DQ;HJ;DJ;S7;C8;H4;S3;C9;SJ,1,CJ,CJ,CK
17,H8;C7;S8;D7;C5;H7;S9;S10;H10;C10,0,CK,H8,H9
17,H5;CJ;HJ;DJ;S7;C8;H4;S3;C9;SJ,1,H9,H5,DQ
17,S5;H8;C7;S8;D7;C5;H7;S10;H10;C10,0,DQ,S5,S9
17,D6;H5;CJ;HJ;DJ;S7;C8;H4;S3;SJ,1,S9,D6,C9
17,C9;S5;H8;C7;D7;C5;H7;S10;H10;C10,0,C9,C9,S8
17,D10;D6;H5;CJ;HJ;DJ;S7;H4;S3;SJ,1,S8,D10,C8
17,C8;S5;H8;C7;D7;C5;H7;S10;H10;C10,0,C8,C8,C9
17,SA;D6;H5;CJ;HJ;DJ;S7;H4;S3;SJ,1,C9,SA,D10
17,D10;C8;S5;C7;D7;C5;H7;S10;H10;C10,0,D10,D10,H8
17,H3;SA;D6;H5;CJ;HJ;DJ;H4;S3;SJ,1,H8,H3,S7
17,S7;D10;S5;C7;D7;C5;H7;S10;H10;C10,0,S7,S7,C8
18,C4;H3;D9;H10;C10;S5;S9;D10;H9;C3,0,SK,C4,DK
18,SQ;DA;D5;C2;H6;C5;H2;D3;H7;HA,1,DK,SQ,D8
18,D8;C4;H3;D9;H10;C10;S9;D10;H9;C3,0,D8,D8,S5
18,S5;DA;D5;C2;H6;C5;H2;D3;H7;HA,1,S5,S5,SQ
18,CJ;C4;H3;D9;H10;C10;S9;D10;H9;C3,0,SQ,CJ,D8
18,S7;S5;DA;D5;C2;H6;C5;H2;D3;HA,1,D8,S7,H7
18,DJ;C4;H3;D9;H10;C10;S9;D10;H9;C3,0,H7,DJ,CJ
18,H8;S5;DA;D5;C2;H6;C5;H2;D3;HA,1,CJ,H8,S7
18,D4;C4;H3;D9;H10;C10;S9;D10;H9;C3,0,S7,D4,DJ
18,S3;S5;DA;D5;C2;H6;C5;H2;D3;HA,1,DJ,S3,H8
18,H8;D4;H3;D9;H10;C10;S9;D10;H9;C3,0,H8,H8,C4
18,C7;S3;S5;DA;D5;C2;C5;H2;D3;HA,1,C4,C7,H6
18,CQ;D4;H3;D9;H10;C10;S9;D10;H9;C3,0,H6,CQ,H8
18,H5;S3;S5;DA;D5;C2;C5;H2;D3;HA,1,H8,H5,C7
18,SA;D4;H3;D9;H10;C10;S9;D10;H9;C3,0,C7,SA,CQ
18,SJ;H5;S3;S5;DA;D5;C2;C5;H2;HA,1,CQ,SJ,D3
18,D3;SA;H3;D9;H10;C10;S9;D10;H9;C3,0,D3,D3,D4
