1,C6;C8;C2;S7;SJ;D10;D4;S6;D6;H4,1,S9,C6,DK
1,H3;HJ;C5;H10;D7;C3;HQ;DA;C4;H6,0,DK,H3,CJ
1,S3;C6;C8;C2;S7;SJ;D4;S6;D6;H4,1,CJ,S3,D10
1,HK;HJ;C5;H10;D7;C3;HQ;DA;C4;H6,0,D10,HK,H3
1,H9;S3;C6;C8;C2;S7;D4;S6;D6;H4,1,H3,H9,SJ
1,S8;HK;HJ;C5;H10;C3;HQ;DA;C4;H6,0,SJ,S8,D7
1,D3;S3;C6;C8;C2;S7;D4;S6;D6;H4,1,D7,D3,H9
1,S4;HK;HJ;C5;H10;C3;HQ;DA;C4;H6,0,H9,S4,S8
1,H5;D3;S3;C6;C2;S7;D4;S6;D6;H4,1,S8,H5,C8
1,CA;HK;HJ;C5;H10;C3;HQ;DA;C4;H6,0,C8,CA,S4
2,DA;H6;H2;C5;D7;D3;C2;S6;D6;D2,0,C9,DA,S10
2,HK;CJ;D9;CA;C3;H7;C7;S3;H5;C6,1,S10,HK,DJ
2,H10;H6;H2;C5;D7;D3;C2;S6;D6;D2,0,DJ,H10,DA
2,C10;HK;D9;CA;C3;H7;C7;S3;H5;C6,1,DA,C10,CJ
2,DK;H6;H2;C5;D7;D3;C2;S6;D6;D2,0,CJ,DK,H10
2,D4;C10;D9;CA;C3;H7;C7;S3;H5;C6,1,H10,D4,HK
2,H3;H6;H2;C5;D7;D3;C2;S6;D6;D2,0,HK,H3,DK
2,CQ;D4;D9;CA;C3;H7;C7;S3;H5;C6,1,DK,CQ,C10
2,S7;H6;H2;C5;D7;D3;C2;S6;D6;D2,0,C10,S7,H3
2,H3;D4;D9;CA;C3;H7;C7;S3;H5;C6,1,H3,H3,CQ
2,S2;H6;H2;C5;D7;D3;C2;S6;D6;D2,0,CQ,S2,S7
2,S7;H3;D4;CA;C3;H7;C7;S3;H5;C6,1,S7,S7,D9
2,D5;S2;H2;C5;D7;D3;C2;S6;D6;D2,0,D9,D5,H6
2,SQ;S7;H3;D4;CA;C3;H7;C7;S3;H5,1,H6,SQ,C6
2,C6;S2;H2;C5;D7;D3;C2;S6;D6;D2,0,C6,C6,D5
2,H9;S7;H3;D4;CA;C3;H7;C7;S3;H5,1,D5,H9,SQ
2,SK;C6;S2;H2;D7;D3;C2;S6;D6;D2,0,SQ,SK,C5
2,D8;S7;H3;D4;CA;C3;H7;C7;S3;H5,1,C5,D8,H9
2,S5;C6;S2;H2;D7;D3;C2;S6;D6;D2,0,H9,S5,SK
2,S8;S7;H3;D4;CA;C3;H7;C7;S3;H5,1,SK,S8,D8
2,C8;C6;S2;H2;D7;D3;C2;S6;D6;D2,0,D8,C8,S5
2,S9;S7;H3;D4;CA;C3;H7;C7;S3;H5,1,S5,S9,S8
2,CK;C6;S2;H2;D7;D3;C2;S6;D6;D2,0,S8,CK,C8
2,SJ;S7;H3;D4;CA;C3;H7;C7;S3;H5,1,C8,SJ,S9
2,DQ;C6;S2;H2;D7;D3;C2;S6;D6;D2,0,S9,DQ,CK
2,SA;S7;H3;D4;CA;C3;H7;C7;S3;H5,1,CK,SA,SJ
2,D10;C6;S2;H2;D7;D3;C2;S6;D6;D2,0,SJ,D10,DQ
2,H4;SA;S7;H3;D4;CA;C3;H7;C7;S3,1,DQ,H4,H5
2,HQ;C6;S2;H2;D7;D3;C2;S6;D6;D2,0,H5,HQ,D10
2,HA;H4;SA;S7;H3;CA;C3;H7;C7;S3,1,D10,HA,D4
2,HJ;C6;S2;H2;D7;D3;C2;S6;D6;D2,0,D4,HJ,HQ
2,C4;HA;SA;S7;H3;CA;C3;H7;C7;S3,1,HQ,C4,H4
2,S4;C6;S2;H2;D7;D3;C2;S6;D6;D2,0,H4,S4,HJ
2,H8;HA;SA;S7;H3;CA;C3;H7;C7;S3,1,HJ,H8,C4
3,C6;C4;S6;D9;SJ;HA;D6;D5;CA;CK,1,C6,C6,SQ
3,DQ;C2;D10;H8;CJ;HK;SA;H6;D2;H7,0,SQ,DQ,DA
3,DA;C6;C4;S6;D9;SJ;HA;D6;D5;CA,1,DA,DA,CK
3,H4;C2;D10;H8;CJ;HK;SA;H6;D2;H7,0,CK,H4,DQ
3,C9;DA;C6;C4;S6;D9;HA;D6;D5;CA,1,DQ,C9,SJ
3,C7;C2;D10;H8;CJ;HK;SA;H6;D2;H7,0,SJ,C7,H4
3,C10;C9;DA;C6;C4;S6;HA;D6;D5;CA,1,H4,C10,D9
3,H5;C2;D10;H8;CJ;HK;SA;H6;D2;H7,0,D9,H5,C7
3,S2;C9;DA;C6;C4;S6;HA;D6;D5;CA,1,C7,S2,C10
3,SK;H5;D10;H8;CJ;HK;SA;H6;D2;H7,0,C10,SK,C2
3,H9;S2;DA;C6;C4;S6;HA;D6;D5;CA,1,C2,H9,C9
3,S8;H5;D10;H8;CJ;HK;SA;H6;D2;H7,0,C9,S8,SK
3,S10;S2;DA;C6;C4;S6;HA;D6;D5;CA,1,SK,S10,H9
3,H2;H5;D10;H8;CJ;HK;SA;H6;D2;H7,0,H9,H2,S8
3,D7;S2;DA;C6;C4;S6;HA;D6;D5;CA,1,S8,D7,S10
3,CQ;H5;D10;H8;CJ;HK;SA;H6;D2;H7,0,S10,CQ,H2
3,DK;D7;S2;DA;C6;C4;HA;D6;D5;CA,1,H2,DK,S6
3,H10;H5;D10;H8;CJ;HK;SA;H6;D2;H7,0,S6,H10,CQ
3,D8;D7;S2;DA;C6;C4;HA;D6;D5;CA,1,CQ,D8,DK
3,D3;H5;D10;H8;CJ;HK;SA;H6;D2;H7,0,DK,D3,H10
3,D4;D8;D7;S2;DA;C4;HA;D6;D5;CA,1,H10,D4,C6
3,HJ;H5;D10;H8;CJ;HK;SA;H6;D2;H7,0,C6,HJ,D3
3,H3;D4;D8;D7;S2;DA;HA;D6;D5;CA,1,D3,H3,C4
3,DJ;HJ;H5;D10;H8;CJ;HK;H6;D2;H7,0,C4,DJ,SA
3,SA;D4;D8;D7;S2;DA;HA;D6;D5;CA,1,SA,SA,H3
3,S3;DJ;HJ;H5;H8;CJ;HK;H6;D2;H7,0,H3,S3,D10
3,C5;SA;D4;D8;D7;DA;HA;D6;D5;CA,1,D10,C5,S2
3,S4;DJ;HJ;H5;H8;CJ;HK;H6;D2;H7,0,S2,S4,S3
3,HQ;SA;D4;D8;D7;DA;HA;D6;D5;CA,1,S3,HQ,C5
3,C8;DJ;HJ;H5;H8;CJ;HK;H6;D2;H7,0,C5,C8,S4
3,S7;SA;D4;D8;D7;DA;HA;D6;D5;CA,1,S4,S7,HQ
3,C3;DJ;HJ;H5;H8;CJ;HK;H6;D2;H7,0,HQ,C3,C8
3,S9;SA;D4;D8;D7;DA;HA;D6;D5;CA,1,C8,S9,S7
3,S5;DJ;HJ;H5;H8;CJ;HK;H6;D2;H7,0,S7,S5,C3
4,H8;H7;D6;D3;D9;SQ;H10;C5;S10;H6,0,C3,H8,S8
4,S7;DJ;C8;C4;C9;H2;D2;DK;D10;H5,1,S8,S7,CJ
4,H9;H8;H7;D3;D9;SQ;H10;C5;S10;H6,0,CJ,H9,D6
4,D4;S7;DJ;C8;C4;C9;H2;D2;DK;H5,1,D6,D4,D10
4,D10;H9;H8;H7;D9;SQ;H10;C5;S10;H6,0,D10,D10,D3
4,D3;D4;S7;DJ;C8;C4;C9;H2;D2;H5,1,D3,D3,DK
4,HJ;D10;H9;H8;H7;SQ;H10;C5;S10;H6,0,DK,HJ,D9
4,DQ;D3;D4;S7;C8;C4;C9;H2;D2;H5,1,D9,DQ,DJ
4,S3;D10;H9;H8;H7;SQ;H10;C5;S10;H6,0,DJ,S3,HJ
4,SJ;D3;D4;S7;C8;C4;C9;H2;D2;H5,1,HJ,SJ,DQ
4,SK;D10;H9;H8;H7;SQ;H10;C5;S10;H6,0,DQ,SK,S3
4,S5;D3;D4;S7;C8;C4;C9;H2;D2;H5,1,S3,S5,SJ
4,SJ;SK;H9;H8;H7;SQ;H10;C5;S10;H6,0,SJ,SJ,D10
5,S8;C9;S4;H8;SQ;C8;H4;H5;D4;D3,1,S8,S8,HJ
5,SA;S7;C7;D8;SK;DJ;C2;H3;S6;D2,0,HJ,SA,C10
5,CK;S8;C9;S4;H8;C8;H4;H5;D4;D3,1,C10,CK,SQ
5,CJ;S7;C7;D8;SK;DJ;C2;H3;S6;D2,0,SQ,CJ,SA
5,HQ;S8;C9;S4;H8;C8;H4;H5;D4;D3,1,SA,HQ,CK
5,C3;S7;C7;D8;SK;DJ;C2;H3;S6;D2,0,CK,C3,CJ
5,HA;S8;C9;S4;H8;C8;H4;H5;D4;D3,1,CJ,HA,HQ
5,SJ;S7;C7;D8;SK;DJ;C2;H3;S6;D2,0,HQ,SJ,C3
5,D10;HA;S8;S4;H8;C8;H4;H5;D4;D3,1,C3,D10,C9
5,H2;S7;C7;D8;SK;DJ;C2;H3;S6;D2,0,C9,H2,SJ
5,S5;HA;S8;S4;H8;C8;H4;H5;D4;D3,1,SJ,S5,D10
5,DK;S7;C7;D8;SK;DJ;C2;H3;S6;D2,0,D10,DK,H2
5,C4;S5;HA;S8;S4;H8;C8;H4;D4;D3,1,H2,C4,H5
5,S2;S7;C7;D8;SK;DJ;C2;H3;S6;D2,0,H5,S2,DK
5,D9;C4;S5;HA;S8;S4;H8;H4;D4;D3,1,DK,D9,C8
5,H7;S2;S7;C7;D8;SK;DJ;C2;H3;D2,0,C8,H7,S6
5,S6;C4;S5;HA;S8;S4;H8;H4;D4;D3,1,S6,S6,D9
5,S10;H7;S2;S7;C7;SK;DJ;C2;H3;D2,0,D9,S10,D8
5,D8;S6;C4;S5;HA;S8;S4;H4;D4;D3,1,D8,D8,H8
5,D6;H7;S2;S7;C7;SK;DJ;C2;H3;D2,0,H8,D6,S10
5,CQ;D8;S6;C4;S5;HA;S4;H4;D4;D3,1,S10,CQ,S8
5,DQ;H7;S2;S7;C7;SK;DJ;C2;H3;D2,0,S8,DQ,D6
5,D7;D8;S6;C4;S5;HA;S4;H4;D4;D3,1,D6,D7,CQ
5,H6;H7;S2;S7;C7;SK;DJ;C2;H3;D2,0,CQ,H6,DQ
5,H9;D7;S6;C4;S5;HA;S4;H4;D4;D3,1,DQ,H9,D8
5,C6;H7;S2;S7;C7;SK;DJ;C2;H3;D2,0,D8,C6,H6
5,D5;D7;S6;C4;S5;HA;S4;H4;D4;D3,1,H6,D5,H9
5,CA;H7;S2;S7;C7;SK;DJ;C2;H3;D2,0,H9,CA,C6
5,DA;D5;S6;C4;S5;HA;S4;H4;D4;D3,1,C6,DA,D7
5,D7;H7;S2;S7;C7;SK;DJ;C2;H3;D2,0,D7,D7,CA
5,CA;DA;D5;S6;C4;S5;HA;S4;D4;D3,1,CA,CA,H4
5,S9;D7;H7;S2;S7;C7;DJ;C2;H3;D2,0,H4,S9,SK
5,HK;CA;DA;D5;S6;S5;HA;S4;D4;D3,1,SK,HK,C4
5,C5;D7;H7;S2;S7;C7;DJ;C2;H3;D2,0,C4,C5,S9
5,S3;CA;DA;D5;S6;S5;HA;S4;D4;D3,1,S9,S3,HK
5,H10;D7;H7;S2;S7;C7;DJ;C2;H3;D2,0,HK,H10,C5
6,S3;H5;S8;C8;C5;S4;C2;D6;D7;S5,1,D3,S3,SJ
6,H7;H10;H4;DK;CJ;H6;S2;S6;S10;H8,0,SJ,H7,CA
6,D5;S3;H5;S8;C5;S4;C2;D6;D7;S5,1,CA,D5,C8
6,S7;H7;H4;DK;CJ;H6;S2;S6;S10;H8,0,C8,S7,H10
6,DJ;D5;S3;H5;C5;S4;C2;D6;D7;S5,1,H10,DJ,S8
6,SA;H7;H4;DK;CJ;H6;S2;S6;S10;H8,0,S8,SA,S7
6,C3;D5;S3;H5;C5;S4;C2;D6;D7;S5,1,S7,C3,DJ
6,D2;H7;H4;DK;CJ;H6;S2;S6;S10;H8,0,DJ,D2,SA
6,C4;C3;D5;S3;H5;S4;C2;D6;D7;S5,1,SA,C4,C5
6,H9;H7;H4;DK;CJ;H6;S2;S6;S10;H8,0,C5,H9,D2
6,D10;C4;C3;D5;S3;S4;C2;D6;D7;S5,1,D2,D10,H5
6,DQ;H9;H7;DK;CJ;H6;S2;S6;S10;H8,0,H5,DQ,H4
6,D9;C4;C3;D5;S3;S4;C2;D6;D7;S5,1,H4,D9,D10
6,HK;H9;H7;DK;CJ;H6;S2;S6;S10;H8,0,D10,HK,DQ
6,CQ;C4;C3;D5;S3;S4;C2;D6;D7;S5,1,DQ,CQ,D9
6,HJ;H9;H7;DK;CJ;H6;S2;S6;S10;H8,0,D9,HJ,HK
6,D4;C4;C3;D5;S3;S4;C2;D6;D7;S5,1,HK,D4,CQ
6,C9;H9;H7;DK;CJ;H6;S2;S6;S10;H8,0,CQ,C9,HJ
6,SK;D4;C4;C3;D5;S3;S4;C2;D6;D7,1,HJ,SK,S5
6,C6;C9;H9;H7;DK;CJ;H6;S6;S10;H8,0,S5,C6,S2
6,S9;D4;C4;C3;D5;S3;S4;C2;D6;D7,1,S2,S9,SK
6,CK;C6;H9;H7;DK;CJ;H6;S6;S10;H8,0,SK,CK,C9
6,SQ;D4;C4;C3;D5;S3;S4;C2;D6;D7,1,C9,SQ,S9
6,HA;C6;H9;H7;DK;CJ;H6;S6;S10;H8,0,S9,HA,CK
6,HQ;D4;C4;C3;D5;S3;S4;C2;D6;D7,1,CK,HQ,SQ
6,H2;C6;H9;H7;DK;CJ;H6;S6;S10;H8,0,SQ,H2,HA
6,D8;D4;C4;C3;D5;S3;S4;C2;D6;D7,1,HA,D8,HQ
6,DA;C6;H9;H7;DK;CJ;H6;S6;S10;H8,0,HQ,DA,H2
6,C7;D8;D4;C4;C3;D5;S3;C2;D6;D7,1,H2,C7,S4
6,C10;C6;H9;H7;DK;CJ;H6;S6;S10;H8,0,S4,C10,DA
6,H3;D8;D4;C4;C3;D5;S3;C2;D6;D7,1,DA,H3,C7
7,C10;DA;C7;C4;C6;HK;D4;D9;H8;C9,1,H6,C10,SJ
7,S10;C3;D5;HJ;S6;C8;D3;S4;D8;H3,0,SJ,S10,D7
7,S2;C10;DA;C7;C4;C6;D4;D9;H8;C9,1,D7,S2,HK
7,SQ;C3;D5;HJ;S6;C8;D3;S4;D8;H3,0,HK,SQ,S10
7,HQ;S2;DA;C7;C4;C6;D4;D9;H8;C9,1,S10,HQ,C10
7,C5;C3;D5;HJ;S6;C8;D3;S4;D8;H3,0,C10,C5,SQ
7,S3;S2;DA;C7;C4;C6;D4;D9;H8;C9,1,SQ,S3,HQ
7,HA;C3;D5;HJ;S6;C8;D3;S4;D8;H3,0,HQ,HA,C5
7,C5;S3;S2;DA;C7;C4;C6;D4;D9;H8,1,C5,C5,C9
7,D10;C3;D5;HJ;S6;C8;D3;S4;D8;H3,0,C9,D10,HA
7,H7;C5;S3;S2;DA;C7;C4;C6;D4;H8,1,HA,H7,D9
7,D2;C3;D5;HJ;S6;C8;D3;S4;D8;H3,0,D9,D2,D10
7,D6;H7;C5;S3;S2;DA;C7;C4;C6;D4,1,D10,D6,H8
7,H8;C3;D5;HJ;S6;C8;D3;S4;D8;H3,0,H8,H8,D2
7,DJ;D6;C5;S3;S2;DA;C7;C4;C6;D4,1,D2,DJ,H7
7,S7;H8;C3;HJ;S6;C8;D3;S4;D8;H3,0,H7,S7,D5
7,C2;D6;C5;S3;S2;DA;C7;C4;C6;D4,1,D5,C2,DJ
7,SK;H8;C3;HJ;S6;C8;D3;S4;D8;H3,0,DJ,SK,S7
7,CA;C2;C5;S3;S2;DA;C7;C4;C6;D4,1,S7,CA,D6
7,CJ;H8;C3;HJ;S6;C8;D3;S4;D8;H3,0,D6,CJ,SK
7,DK;CA;C2;C5;S3;S2;DA;C7;C4;C6,1,SK,DK,D4
7,S8;H8;C3;HJ;S6;C8;D3;S4;D8;H3,0,D4,S8,CJ
7,H9;CA;C2;C5;S3;S2;DA;C7;C4;C6,1,CJ,H9,DK
7,H2;S8;H8;C3;S6;C8;D3;S4;D8;H3,0,DK,H2,HJ
7,S9;CA;C2;C5;S3;S2;DA;C7;C4;C6,1,HJ,S9,H9
7,SA;S8;H8;C3;S6;C8;D3;S4;D8;H3,0,H9,SA,H2
7,H2;CA;C2;C5;S3;S2;DA;C7;C4;C6,1,H2,H2,S9
7,H10;S8;H8;C3;S6;C8;D3;S4;D8;H3,0,S9,H10,SA
7,SA;H2;CA;C2;C5;S2;DA;C7;C4;C6,1,SA,SA,S3
7,S3;S8;H8;C3;S6;C8;D3;S4;D8;H3,0,S3,S3,H10
8,D9;C5;H9;D6;S3;C3;C4;CQ;D10;DA,1,D4,D9,H10
8,H8;C2;H7;H6;S2;H2;S7;D2;C8;S8,0,H10,H8,SK
8,DJ;D9;C5;H9;D6;S3;C3;C4;CQ;DA,1,SK,DJ,D10
8,HJ;H8;C2;H7;H6;S2;H2;D2;C8;S8,0,D10,HJ,S7
8,S5;DJ;D9;C5;H9;D6;S3;C3;C4;DA,1,S7,S5,CQ
8,S4;H8;C2;H7;H6;S2;H2;D2;C8;S8,0,CQ,S4,HJ
8,C9;S5;D9;C5;H9;D6;S3;C3;C4;DA,1,HJ,C9,DJ
8,C7;H8;C2;H7;H6;S2;H2;D2;C8;S8,0,DJ,C7,S4
8,S4;C9;S5;D9;C5;H9;S3;C3;C4;DA,1,S4,S4,D6
8,D3;H8;C2;H7;H6;S2;H2;D2;C8;S8,0,D6,D3,C7
8,HK;S4;C9;S5;D9;C5;H9;S3;C3;C4,1,C7,HK,DA
8,DA;H8;C2;H7;H6;S2;H2;D2;C8;S8,0,DA,DA,D3
8,D8;S4;C9;S5;D9;C5;H9;S3;C3;C4,1,D3,D8,HK
8,C10;H8;C2;H7;H6;S2;H2;D2;C8;S8,0,HK,C10,DA
8,H5;S4;C9;S5;D9;C5;H9;S3;C3;C4,1,DA,H5,D8
8,D8;H8;C2;H7;H6;S2;H2;D2;C8;S8,0,D8,D8,C10
8,D7;S4;C9;S5;D9;C5;H9;S3;C3;C4,1,C10,D7,H5
8,S10;D8;H8;C2;H6;S2;H2;D2;C8;S8,0,H5,S10,H7
8,C6;S4;C9;S5;D9;C5;H9;S3;C3;C4,1,H7,C6,D7
8,CJ;D8;H8;C2;H6;S2;H2;D2;C8;S8,0,D7,CJ,S10
8,SQ;C6;S4;C9;D9;C5;H9;S3;C3;C4,1,S10,SQ,S5
8,DQ;D8;H8;C2;H6;S2;H2;D2;C8;S8,0,S5,DQ,CJ
8,DK;C6;S4;C9;D9;C5;H9;S3;C3;C4,1,CJ,DK,SQ
8,CA;D8;H8;C2;H6;S2;H2;D2;C8;S8,0,SQ,CA,DQ
8,HA;C6;S4;C9;D9;C5;H9;S3;C3;C4,1,DQ,HA,DK
8,H4;D8;H8;C2;H6;S2;H2;D2;C8;S8,0,DK,H4,CA
