1,D9;H2;S2;D7;D8;D4;SA;H4;C8;H3,0,SJ,D9,DQ
1,DQ;C2;HA;S9;DJ;S6;HK;D6;S4;H9,1,DQ,DQ,DK
1,H5;D9;H2;S2;D7;D8;D4;SA;H4;H3,0,DK,H5,C8
1,DA;DQ;C2;HA;S9;DJ;S6;D6;S4;H9,1,C8,DA,HK
1,C3;H5;D9;H2;S2;D7;D8;SA;H4;H3,0,HK,C3,D4
2,H8;D7;C8;S8;H6;CK;S3;H3;H9;S6,1,H8,H8,SQ
2,DA;SJ;H10;C9;S5;HJ;SA;HQ;S4;C4,0,SQ,DA,DJ
2,HA;H8;D7;C8;S8;H6;S3;H3;H9;S6,1,DJ,HA,CK
2,CA;DA;H10;C9;S5;HJ;SA;HQ;S4;C4,0,CK,CA,SJ
2,CQ;HA;H8;D7;C8;S8;H6;S3;H3;S6,1,SJ,CQ,H9
2,H9;CA;DA;H10;S5;HJ;SA;HQ;S4;C4,0,H9,H9,C9
2,S9;HA;H8;D7;C8;S8;H6;S3;H3;S6,1,C9,S9,CQ
2,D2;H9;CA;DA;H10;HJ;SA;HQ;S4;C4,0,CQ,D2,S5
2,DK;HA;H8;D7;C8;S8;H6;S3;H3;S6,1,S5,DK,S9
2,H5;D2;H9;CA;DA;H10;HJ;SA;HQ;S4,0,S9,H5,C4
2,HK;HA;H8;D7;C8;S8;H6;S3;H3;S6,1,C4,HK,DK
2,D6;D2;H9;CA;DA;H10;HJ;SA;HQ;S4,0,DK,D6,H5
2,DQ;HA;H8;D7;C8;S8;H6;S3;H3;S6,1,H5,DQ,HK
2,HK;D2;H9;CA;DA;H10;HJ;SA;HQ;S4,0,HK,HK,D6
2,D6;HA;H8;D7;C8;S8;H6;S3;H3;S6,1,D6,D6,DQ
2,D9;HK;D2;H9;CA;DA;H10;HJ;SA;HQ,0,DQ,D9,S4
2,H2;D6;HA;H8;C8;S8;H6;S3;H3;S6,1,S4,H2,D7
2,D3;HK;D2;H9;CA;DA;H10;HJ;SA;HQ,0,D7,D3,D9
3,C6;S5;C10;HJ;S3;H2;D5;H7;HA;C5,1,C7,C6,S10
3,D7;D2;C2;H5;SK;CQ;CK;HK;H6;C9,0,S10,D7,SJ
3,DK;C6;S5;C10;S3;H2;D5;H7;HA;C5,1,SJ,DK,HJ
3,D10;D7;D2;C2;H5;SK;CK;HK;H6;C9,0,HJ,D10,CQ
3,C3;DK;C6;S5;S3;H2;D5;H7;HA;C5,1,CQ,C3,C10
3,D3;D7;D2;C2;H5;SK;CK;HK;H6;C9,0,C10,D3,D10
3,H9;C3;C6;S5;S3;H2;D5;H7;HA;C5,1,D10,H9,DK
3,DK;D3;D7;D2;C2;H5;SK;CK;HK;H6,0,DK,DK,C9
3,DQ;C3;C6;S5;S3;H2;D5;H7;HA;C5,1,C9,DQ,H9
3,C8;DK;D3;D2;C2;H5;SK;CK;HK;H6,0,H9,C8,D7
3,CJ;C3;C6;S5;S3;H2;D5;H7;HA;C5,1,D7,CJ,DQ
3,CA;DK;D3;D2;C2;H5;SK;CK;HK;H6,0,DQ,CA,C8
3,D6;C3;C6;S5;S3;H2;D5;H7;HA;C5,1,C8,D6,CJ
3,H8;CA;DK;D3;D2;C2;H5;SK;CK;HK,0,CJ,H8,H6
3,H6;D6;C3;C6;S5;S3;H2;D5;HA;C5,1,H6,H6,H7
3,S6;CA;DK;D3;D2;C2;H5;SK;CK;HK,0,H7,S6,H8
3,H3;H6;D6;C3;C6;S5;H2;D5;HA;C5,1,H8,H3,S3
3,S8;CA;DK;D3;D2;C2;H5;SK;CK;HK,0,S3,S8,S6
3,C4;H3;H6;D6;C6;S5;H2;D5;HA;C5,1,S6,C4,C3
3,C3;CA;DK;D3;D2;C2;H5;SK;CK;HK,0,C3,C3,S8
3,S4;C4;H3;H6;C6;S5;H2;D5;HA;C5,1,S8,S4,D6
3,H10;C3;CA;DK;D3;D2;C2;SK;CK;HK,0,D6,H10,H5
3,H5;S4;C4;H3;C6;S5;H2;D5;HA;C5,1,H5,H5,H6
3,DA;C3;CA;DK;D3;D2;C2;SK;CK;HK,0,H6,DA,H10
4,D5;C3;H4;H6;D7;D2;S7;D4;C2;S5,1,S8,D5,S10
4,C10;CA;DQ;DA;H8;S4;D8;D10;DJ;H2,0,S10,C10,SK
4,C8;D5;C3;H4;H6;D7;D2;D4;C2;S5,1,SK,C8,S7
4,DK;CA;DQ;DA;H8;S4;D8;D10;DJ;H2,0,S7,DK,C10
4,SA;D5;C3;H4;H6;D7;D2;D4;C2;S5,1,C10,SA,C8
4,C8;DK;CA;DQ;DA;H8;D8;D10;DJ;H2,0,C8,C8,S4
