1,H9;H8;D7;H6;D10;C3;S2;CA;S7;H3,1,DA,H9,SK
1,C4;HA;C5;C7;C10;HQ;H2;D3;H7;D9,0,SK,C4,DK
1,S4;H9;H8;D7;H6;C3;S2;CA;S7;H3,1,DK,S4,D10
1,SA;C4;HA;C5;C7;C10;H2;D3;H7;D9,0,D10,SA,HQ
1,H5;S4;H8;D7;H6;C3;S2;CA;S7;H3,1,HQ,H5,H9
1,C2;SA;C4;HA;C5;C7;H2;D3;H7;D9,0,H9,C2,C10
1,S5;H5;S4;D7;H6;C3;S2;CA;S7;H3,1,C10,S5,H8
1,CQ;C2;SA;C4;HA;C5;C7;H2;D3;H7,0,H8,CQ,D9
1,D5;S5;H5;S4;D7;H6;C3;S2;CA;H3,1,D9,D5,S7
1,S7;C2;SA;C4;HA;C5;C7;H2;D3;H7,0,S7,S7,CQ
1,S9;D5;S5;H5;S4;H6;C3;S2;CA;H3,1,CQ,S9,D7
1,D7;S7;C2;SA;C4;HA;C7;H2;D3;H7,0,D7,D7,C5
1,C5;D5;S5;H5;S4;H6;C3;S2;CA;H3,1,C5,C5,S9
1,CK;D7;S7;C2;SA;HA;C7;H2;D3;H7,0,S9,CK,C4
1,C4;C5;D5;S5;H5;S4;C3;S2;CA;H3,1,C4,C4,H6
1,CJ;D7;S7;C2;SA;HA;C7;H2;D3;H7,0,H6,CJ,CK
1,H10;C4;C5;D5;S5;H5;C3;S2;CA;H3,1,CK,H10,S4
1,C9;D7;S7;C2;SA;HA;C7;H2;D3;H7,0,S4,C9,CJ
1,DQ;C4;C5;D5;S5;H5;C3;S2;CA;H3,1,CJ,DQ,H10
1,D6;D7;S7;C2;SA;HA;C7;H2;D3;H7,0,H10,D6,C9
1,SQ;C4;C5;D5;S5;H5;C3;S2;CA;H3,1,C9,SQ,DQ
1,S8;D7;S7;C2;SA;HA;C7;H2;D3;H7,0,DQ,S8,D6
1,H4;C4;C5;D5;S5;H5;C3;S2;CA;H3,1,D6,H4,SQ
1,D8;D7;S7;C2;SA;HA;C7;H2;D3;H7,0,SQ,D8,S8
1,DJ;H4;C4;C5;D5;H5;C3;S2;CA;H3,1,S8,DJ,S5
1,D4;D7;S7;C2;SA;HA;C7;H2;D3;H7,0,S5,D4,D8
1,HK;H4;C4;C5;D5;H5;C3;S2;CA;H3,1,D8,HK,DJ
1,SJ;D7;S7;C2;SA;HA;C7;H2;D3;H7,0,DJ,SJ,D4
1,C8;H4;C4;C5;D5;H5;C3;S2;CA;H3,1,D4,C8,HK
1,HJ;D7;S7;C2;SA;HA;C7;H2;D3;H7,0,HK,HJ,SJ
1,S6;H4;C4;C5;D5;H5;C3;S2;CA;H3,1,SJ,S6,C8
1,S3;D7;S7;C2;SA;HA;C7;H2;D3;H7,0,C8,S3,HJ
1,D2;H4;C4;C5;D5;H5;C3;S2;CA;H3,1,HJ,D2,S6
1,S10;S3;D7;S7;C2;SA;HA;C7;H2;H7,0,S6,S10,D3
1,C6;D2;H4;C4;C5;H5;C3;S2;CA;H3,1,D3,C6,D5
2,DQ;C2;CJ;DJ;H6;DK;C5;S5;D4;SQ,1,DQ,DQ,SK
2,S6;DA;CQ;H10;S7;S3;C4;CA;H5;H4,0,SK,S6,S10
2,HQ;DQ;C2;CJ;DJ;H6;DK;C5;S5;D4,1,S10,HQ,SQ
2,C3;S6;DA;CQ;S7;S3;C4;CA;H5;H4,0,SQ,C3,H10
2,D9;HQ;DQ;C2;DJ;H6;DK;C5;S5;D4,1,H10,D9,CJ
2,S8;C3;S6;DA;S7;S3;C4;CA;H5;H4,0,CJ,S8,CQ
2,D5;D9;DQ;C2;DJ;H6;DK;C5;S5;D4,1,CQ,D5,HQ
2,H3;S8;C3;S6;DA;S7;S3;CA;H5;H4,0,HQ,H3,C4
2,C8;D5;DQ;C2;DJ;H6;DK;C5;S5;D4,1,C4,C8,D9
2,C10;H3;S8;C3;S6;DA;S7;CA;H5;H4,0,D9,C10,S3
2,H9;D5;DQ;C2;DJ;H6;DK;C5;S5;D4,1,S3,H9,C8
2,H7;H3;S8;C3;S6;DA;S7;CA;H5;H4,0,C8,H7,C10
2,SJ;D5;DQ;C2;DJ;H6;DK;C5;S5;D4,1,C10,SJ,H9
2,D3;H3;S8;C3;S6;DA;S7;CA;H5;H4,0,H9,D3,H7
2,S4;D5;DQ;C2;DJ;H6;DK;C5;S5;D4,1,H7,S4,SJ
2,D7;D3;H3;S8;S6;DA;S7;CA;H5;H4,0,SJ,D7,C3
2,D6;S4;D5;DQ;C2;DJ;DK;C5;S5;D4,1,C3,D6,H6
2,H6;D3;H3;S8;S6;DA;S7;CA;H5;H4,0,H6,H6,D7
2,C9;D6;S4;D5;DQ;C2;DJ;DK;C5;D4,1,D7,C9,S5
2,S5;H6;H3;S8;S6;DA;S7;CA;H5;H4,0,S5,S5,D3
3,CA;HJ;CK;S6;HA;H5;DJ;C3;D4;S8,0,SA,CA,DK
3,H4;C7;D3;C6;SJ;CJ;S3;C5;C9;H8,1,DK,H4,HK
3,HQ;CA;HJ;CK;S6;HA;H5;C3;D4;S8,0,HK,HQ,DJ
3,DJ;H4;C7;D3;C6;SJ;S3;C5;C9;H8,1,DJ,DJ,CJ
3,D2;HQ;CA;HJ;S6;HA;H5;C3;D4;S8,0,CJ,D2,CK
3,D9;DJ;H4;C7;D3;C6;S3;C5;C9;H8,1,CK,D9,SJ
3,DA;D2;HQ;CA;S6;HA;H5;C3;D4;S8,0,SJ,DA,HJ
3,CQ;D9;H4;C7;D3;C6;S3;C5;C9;H8,1,HJ,CQ,DJ
3,H6;DA;D2;CA;S6;HA;H5;C3;D4;S8,0,DJ,H6,HQ
3,C2;D9;H4;C7;D3;C6;S3;C5;C9;H8,1,HQ,C2,CQ
3,SK;H6;DA;D2;CA;S6;HA;H5;C3;D4,0,CQ,SK,S8
3,H3;C2;D9;H4;C7;D3;C6;S3;C5;H8,1,S8,H3,C9
3,D10;H6;DA;D2;CA;S6;HA;H5;C3;D4,0,C9,D10,SK
3,DQ;H3;C2;H4;C7;D3;C6;S3;C5;H8,1,SK,DQ,D9
3,S9;H6;DA;D2;CA;S6;HA;H5;C3;D4,0,D9,S9,D10
3,S10;H3;C2;H4;C7;D3;C6;S3;C5;H8,1,D10,S10,DQ
3,D8;H6;DA;D2;CA;S6;HA;H5;C3;D4,0,DQ,D8,S9
3,S5;H3;C2;H4;C7;D3;C6;S3;C5;H8,1,S9,S5,S10
3,C8;H6;DA;D2;CA;S6;HA;H5;C3;D4,0,S10,C8,D8
3,S2;S5;H3;C2;H4;C7;D3;C6;S3;C5,1,D8,S2,H8
3,D6;H6;DA;D2;CA;S6;HA;H5;C3;D4,0,H8,D6,C8
3,C8;S2;H3;C2;H4;C7;D3;C6;S3;C5,1,C8,C8,S5
3,S7;D6;H6;DA;D2;CA;S6;HA;C3;D4,0,S5,S7,H5
3,H2;C8;S2;H3;C2;C7;D3;C6;S3;C5,1,H5,H2,H4
3,H10;D6;H6;DA;D2;CA;S6;HA;C3;D4,0,H4,H10,S7
3,C4;H2;C8;S2;H3;C2;C7;D3;C6;S3,1,S7,C4,C5
3,H9;D6;H6;DA;D2;CA;S6;HA;C3;D4,0,C5,H9,H10
3,D7;H2;C8;S2;H3;C2;C7;D3;C6;S3,1,H10,D7,C4
3,SQ;D6;H6;DA;D2;CA;S6;HA;C3;D4,0,C4,SQ,H9
3,S4;H2;C8;S2;H3;C2;C7;D3;C6;S3,1,H9,S4,D7
3,H7;D6;H6;DA;D2;CA;S6;HA;C3;D4,0,D7,H7,SQ
3,C10;S4;H2;C8;S2;H3;C2;C7;C6;S3,1,SQ,C10,D3
3,D3;D6;H6;DA;D2;CA;S6;HA;C3;D4,0,D3,D3,H7
4,D3;C8;HJ;HQ;C6;DA;SA;D7;S3;C9,1,D2,D3,S10
4,H2;S7;H8;C4;DJ;S5;SJ;CJ;CQ;SK,0,S10,H2,DK
4,CK;D3;C8;HJ;C6;DA;SA;D7;S3;C9,1,DK,CK,HQ
4,C3;H2;S7;H8;C4;DJ;S5;SJ;CJ;CQ,0,HQ,C3,SK
4,H7;CK;D3;C8;C6;DA;SA;D7;S3;C9,1,SK,H7,HJ
4,HJ;C3;H2;S7;H8;C4;DJ;S5;SJ;CJ,0,HJ,HJ,CQ
4,H4;H7;D3;C8;C6;DA;SA;D7;S3;C9,1,CQ,H4,CK
4,D5;HJ;C3;H2;S7;C4;DJ;S5;SJ;CJ,0,CK,D5,H8
4,D8;H4;H7;D3;C8;C6;DA;SA;D7;S3,1,H8,D8,C9
4,HK;D5;HJ;C3;H2;C4;DJ;S5;SJ;CJ,0,C9,HK,S7
4,S7;D8;H4;H7;D3;C6;DA;SA;D7;S3,1,S7,S7,C8
4,C2;D5;HJ;C3;H2;C4;DJ;S5;SJ;CJ,0,C8,C2,HK
4,S8;S7;H4;H7;D3;C6;DA;SA;D7;S3,1,HK,S8,D8
4,H6;C2;D5;HJ;C3;H2;C4;DJ;SJ;CJ,0,D8,H6,S5
4,H3;S7;H4;H7;D3;C6;DA;SA;D7;S3,1,S5,H3,S8
4,S6;C2;D5;HJ;C3;H2;C4;DJ;SJ;CJ,0,S8,S6,H6
4,D9;H3;S7;H4;H7;D3;DA;SA;D7;S3,1,H6,D9,C6
4,H5;C2;D5;HJ;C3;H2;C4;DJ;SJ;CJ,0,C6,H5,S6
4,CA;H3;S7;H4;H7;D3;DA;SA;D7;S3,1,S6,CA,D9
4,H10;H5;C2;HJ;C3;H2;C4;DJ;SJ;CJ,0,D9,H10,D5
4,D4;CA;H3;S7;H7;D3;DA;SA;D7;S3,1,D5,D4,H4
4,S9;H5;C2;HJ;C3;H2;C4;DJ;SJ;CJ,0,H4,S9,H10
4,S4;CA;H3;S7;H7;D3;DA;SA;D7;S3,1,H10,S4,D4
4,C7;H5;C2;HJ;C3;H2;C4;DJ;SJ;CJ,0,D4,C7,S9
4,DQ;CA;H3;S7;H7;D3;DA;SA;D7;S3,1,S9,DQ,S4
4,S2;H5;C2;HJ;C3;H2;C4;DJ;SJ;CJ,0,S4,S2,C7
4,C10;CA;H3;S7;H7;D3;DA;SA;D7;S3,1,C7,C10,DQ
4,HA;S2;C2;HJ;C3;H2;C4;DJ;SJ;CJ,0,DQ,HA,H5
5,D8;S7;CJ;D5;S4;H7;D2;HJ;S3;SJ,0,D6,D8,HK
5,HK;SK;H9;DK;CA;CQ;C3;CK;SQ;C5,1,HK,HK,S10
5,C4;S7;CJ;D5;S4;H7;D2;HJ;S3;SJ,0,S10,C4,D8
5,H8;HK;SK;H9;DK;CA;CQ;C3;CK;C5,1,D8,H8,SQ
5,D10;C4;S7;CJ;D5;S4;D2;HJ;S3;SJ,0,SQ,D10,H7
5,H7;H8;HK;SK;H9;DK;CA;C3;CK;C5,1,H7,H7,CQ
5,D4;C4;S7;CJ;D5;S4;D2;HJ;S3;SJ,0,CQ,D4,D10
5,D9;H7;H8;HK;SK;H9;DK;CA;C3;CK,1,D10,D9,C5
5,S6;D4;C4;CJ;D5;S4;D2;HJ;S3;SJ,0,C5,S6,S7
5,C8;H7;H8;HK;SK;H9;DK;CA;C3;CK,1,S7,C8,D9
5,S8;D4;C4;CJ;D5;S4;D2;HJ;S3;SJ,0,D9,S8,S6
5,H3;H7;H8;HK;SK;H9;DK;CA;C3;CK,1,S6,H3,C8
5,DQ;D4;C4;CJ;D5;S4;D2;HJ;S3;SJ,0,C8,DQ,S8
5,H2;H3;H7;H8;HK;SK;H9;DK;CA;CK,1,S8,H2,C3
5,D7;D4;C4;CJ;D5;S4;D2;HJ;S3;SJ,0,C3,D7,DQ
5,C7;H2;H7;H8;HK;SK;H9;DK;CA;CK,1,DQ,C7,H3
5,HQ;D4;C4;CJ;D5;S4;D2;HJ;S3;SJ,0,H3,HQ,D7
5,DA;H2;H7;H8;HK;SK;H9;DK;CA;CK,1,D7,DA,C7
5,HA;D4;C4;CJ;D5;S4;D2;HJ;S3;SJ,0,C7,HA,HQ
5,DJ;DA;H7;H8;HK;SK;H9;DK;CA;CK,1,HQ,DJ,H2
5,H4;HA;D4;C4;CJ;S4;D2;HJ;S3;SJ,0,H2,H4,D5
5,H6;DA;H7;H8;HK;SK;H9;DK;CA;CK,1,D5,H6,DJ
5,DJ;H4;HA;D4;C4;CJ;S4;D2;HJ;SJ,0,DJ,DJ,S3
6,D3;S5;S3;D10;D5;H7;H2;D9;S8;S9,1,CQ,D3,DQ
6,HJ;H8;C10;H6;HA;D4;HK;H10;C5;SA,0,DQ,HJ,SJ
6,D2;D3;S5;S3;D5;H7;H2;D9;S8;S9,1,SJ,D2,D10
6,D10;HJ;H8;C10;H6;HA;D4;H10;C5;SA,0,D10,D10,HK
6,H3;D2;D3;S5;S3;D5;H7;H2;D9;S8,1,HK,H3,S9
6,HQ;D10;HJ;H8;H6;HA;D4;H10;C5;SA,0,S9,HQ,C10
6,H4;H3;D2;D3;S5;S3;D5;H7;H2;S8,1,C10,H4,D9
6,CJ;HQ;HJ;H8;H6;HA;D4;H10;C5;SA,0,D9,CJ,D10
6,S2;H4;H3;D2;D3;S5;S3;D5;H7;H2,1,D10,S2,S8
6,SK;HQ;HJ;H8;H6;HA;D4;H10;C5;SA,0,S8,SK,CJ
6,S7;S2;H4;H3;D2;D3;S5;S3;D5;H2,1,CJ,S7,H7
6,H7;HQ;HJ;H8;H6;HA;D4;H10;C5;SA,0,H7,H7,SK
6,C2;S2;H4;H3;D2;D3;S5;S3;D5;H2,1,SK,C2,S7
6,S4;H7;HQ;HJ;H8;H6;HA;D4;H10;SA,0,S7,S4,C5
6,C5;C2;S2;H4;H3;D2;D3;S5;S3;H2,1,C5,C5,D5
6,CK;S4;H7;HQ;HJ;H8;H6;HA;H10;SA,0,D5,CK,D4
6,C8;C5;C2;S2;H4;H3;D2;D3;S3;H2,1,D4,C8,S5
6,CA;S4;H7;HQ;HJ;H8;H6;HA;H10;SA,0,S5,CA,CK
7,C5;SA;S6;H9;CK;C8;C2;D6;S9;H7,1,CJ,C5,S10
7,D10;S2;D8;H5;C4;D2;C3;SQ;CA;S7,0,S10,D10,DQ
7,DJ;C5;SA;S6;H9;C8;C2;D6;S9;H7,1,DQ,DJ,CK
7,D4;D10;S2;D8;H5;C4;D2;C3;CA;S7,0,CK,D4,SQ
7,H4;C5;SA;S6;H9;C8;C2;D6;S9;H7,1,SQ,H4,DJ
7,C9;D4;S2;D8;H5;C4;D2;C3;CA;S7,0,DJ,C9,D10
7,H8;H4;C5;SA;S6;H9;C8;C2;D6;H7,1,D10,H8,S9
7,CQ;D4;S2;D8;H5;C4;D2;C3;CA;S7,0,S9,CQ,C9
7,C7;H8;H4;C5;SA;S6;H9;C2;D6;H7,1,C9,C7,C8
7,S4;D4;S2;D8;H5;C4;D2;C3;CA;S7,0,C8,S4,CQ
7,H2;H8;H4;C5;SA;S6;H9;C2;D6;H7,1,CQ,H2,C7
7,S8;S4;D4;S2;H5;C4;D2;C3;CA;S7,0,C7,S8,D8
7,S3;H2;H8;H4;C5;SA;S6;H9;C2;H7,1,D8,S3,D6
7,HJ;S4;D4;S2;H5;C4;D2;C3;CA;S7,0,D6,HJ,S8
7,HA;S3;H2;H8;H4;C5;SA;H9;C2;H7,1,S8,HA,S6
7,D9;S4;D4;S2;H5;C4;D2;C3;CA;S7,0,S6,D9,HJ
7,DA;HA;S3;H2;H8;H4;SA;H9;C2;H7,1,HJ,DA,C5
7,D5;S4;D4;S2;H5;C4;D2;C3;CA;S7,0,C5,D5,D9
7,S5;DA;HA;S3;H2;H8;SA;H9;C2;H7,1,D9,S5,H4
7,H4;D5;S4;D4;S2;H5;C4;D2;C3;CA,0,H4,H4,S7
7,H10;DA;HA;S3;H2;H8;SA;H9;C2;H7,1,S7,H10,S5
7,S5;H4;D5;S4;D4;S2;H5;C4;D2;CA,0,S5,S5,C3
7,D7;H10;DA;HA;H2;H8;SA;H9;C2;H7,1,C3,D7,S3
7,S3;S5;H4;D5;S4;D4;S2;H5;C4;CA,0,S3,S3,D2
8,SJ;C7;C10;S9;S4;C5;H6;D10;D8;SK,1,D2,SJ,HQ
8,D9;DJ;H4;C9;D7;C6;S3;HJ;D6;C3,0,HQ,D9,DK
8,D5;SJ;C7;C10;S9;S4;C5;H6;D10;D8,1,DK,D5,SK
8,S7;D9;DJ;H4;C9;D7;C6;S3;D6;C3,0,SK,S7,HJ
8,HA;D5;SJ;C7;C10;S9;S4;C5;H6;D8,1,HJ,HA,D10
8,D10;S7;D9;DJ;H4;D7;C6;S3;D6;C3,0,D10,D10,C9
8,CQ;HA;D5;SJ;C7;S9;S4;C5;H6;D8,1,C9,CQ,C10
8,H9;D10;S7;D9;DJ;H4;C6;S3;D6;C3,0,C10,H9,D7
8,CK;CQ;HA;D5;C7;S9;S4;C5;H6;D8,1,D7,CK,SJ
8,H8;D10;S7;D9;DJ;H4;C6;S3;D6;C3,0,SJ,H8,H9
8,H2;CK;HA;D5;C7;S9;S4;C5;H6;D8,1,H9,H2,CQ
8,DQ;D10;S7;D9;DJ;H4;C6;S3;D6;C3,0,CQ,DQ,H8
8,D4;H2;HA;D5;C7;S9;S4;C5;H6;D8,1,H8,D4,CK
8,S10;DQ;D10;D9;DJ;H4;C6;S3;D6;C3,0,CK,S10,S7
8,H3;D4;H2;HA;D5;C7;S4;C5;H6;D8,1,S7,H3,S9
8,S8;DQ;D10;D9;DJ;H4;C6;S3;D6;C3,0,S9,S8,S10
8,C4;H3;D4;H2;HA;D5;C7;S4;C5;H6,1,S10,C4,D8
8,D8;DQ;D10;D9;DJ;H4;C6;S3;D6;C3,0,D8,D8,S8
8,H5;C4;H3;D4;H2;HA;D5;S4;C5;H6,1,S8,H5,C7
8,DA;D8;DQ;D10;D9;DJ;H4;C6;S3;C3,0,C7,DA,D6
8,S2;H5;C4;H3;D4;H2;HA;D5;S4;C5,1,D6,S2,H6
8,SA;DA;D8;DQ;D10;D9;DJ;H4;S3;C3,0,H6,SA,C6
8,CA;H5;C4;H3;D4;H2;HA;D5;S4;C5,1,C6,CA,S2
8,S2;SA;DA;D8;DQ;D10;D9;DJ;S3;C3,0,S2,S2,H4
9,SA;HK;S4;S3;S10;CJ;D8;H10;C7;H9,0,C5,SA,CQ
9,C9;SK;CA;D6;H7;S6;DJ;C10;H2;D7,1,CQ,C9,D10
9,D10;SA;HK;S4;S3;S10;D8;H10;C7;H9,0,D10,D10,CJ
9,CJ;C9;SK;CA;D6;H7;S6;DJ;H2;D7,1,CJ,CJ,C10
9,C10;D10;SA;S4;S3;S10;D8;H10;C7;H9,0,C10,C10,HK
9,DK;CJ;C9;SK;CA;D6;H7;S6;H2;D7,1,HK,DK,DJ
9,HQ;C10;D10;SA;S4;S3;S10;D8;H10;C7,0,DJ,HQ,H9
9,C8;DK;CJ;C9;CA;D6;H7;S6;H2;D7,1,H9,C8,SK
9,H6;C10;D10;SA;S4;S3;S10;D8;H10;C7,0,SK,H6,HQ
9,D9;C8;DK;C9;CA;D6;H7;S6;H2;D7,1,HQ,D9,CJ
9,DQ;H6;C10;D10;SA;S4;S3;S10;H10;C7,0,CJ,DQ,D8
9,D8;D9;C8;C9;CA;D6;H7;S6;H2;D7,1,D8,D8,DK
9,D5;H6;C10;D10;SA;S4;S3;S10;H10;C7,0,DK,D5,DQ
9,D4;D8;D9;C8;CA;D6;H7;S6;H2;D7,1,DQ,D4,C9
9,HJ;D5;H6;C10;D10;SA;S4;S3;S10;H10,0,C9,HJ,C7
9,S8;D4;D8;D9;CA;D6;H7;S6;H2;D7,1,C7,S8,C8
9,D2;D5;H6;C10;D10;SA;S4;S3;S10;H10,0,C8,D2,HJ
9,C6;D4;D8;D9;CA;D6;H7;S6;H2;D7,1,HJ,C6,S8
9,SJ;D2;D5;C10;D10;SA;S4;S3;S10;H10,0,S8,SJ,H6
9,H6;C6;D4;D8;D9;CA;D6;S6;H2;D7,1,H6,H6,H7
9,C2;D2;D5;C10;D10;SA;S4;S3;S10;H10,0,H7,C2,SJ
9,CK;H6;C6;D8;D9;CA;D6;S6;H2;D7,1,SJ,CK,D4
9,H8;C2;D2;C10;D10;SA;S4;S3;S10;H10,0,D4,H8,D5
9,D5;H6;C6;D8;D9;CA;D6;S6;H2;D7,1,D5,D5,CK
9,S9;C2;D2;C10;D10;SA;S4;S3;S10;H10,0,CK,S9,H8
9,S5;D5;H6;C6;D8;D9;CA;D6;S6;D7,1,H8,S5,H2
9,H2;C2;D2;C10;D10;SA;S4;S3;S10;H10,0,H2,H2,S9
9,C4;D5;H6;C6;D8;D9;CA;D6;S6;D7,1,S9,C4,S5
9,S5;H2;C2;D2;C10;D10;S4;S3;S10;H10,0,S5,S5,SA
10,CA;D10;SQ;S6;HJ;C6;H7;DK;H5;S5,1,C4,CA,HQ
10,HQ;S4;D3;DQ;C8;S3;D5;H3;C2;CQ,0,HQ,HQ,S10
10,D7;CA;D10;SQ;S6;HJ;C6;H7;H5;S5,1,S10,D7,DK
10,H6;HQ;S4;D3;DQ;S3;D5;H3;C2;CQ,0,DK,H6,C8
10,H4;D7;CA;D10;SQ;S6;C6;H7;H5;S5,1,C8,H4,HJ
10,C10;HQ;S4;D3;DQ;S3;D5;H3;C2;CQ,0,HJ,C10,H6
10,H6;H4;D7;CA;D10;S6;C6;H7;H5;S5,1,H6,H6,SQ
10,SQ;HQ;S4;D3;DQ;S3;D5;H3;C2;CQ,0,SQ,SQ,C10
10,C5;H6;H4;D7;CA;S6;C6;H7;H5;S5,1,C10,C5,D10
10,SK;SQ;HQ;S4;D3;DQ;S3;H3;C2;CQ,0,D10,SK,D5
10,D5;C5;H6;H4;CA;S6;C6;H7;H5;S5,1,D5,D5,D7
10,D9;SQ;HQ;S4;D3;DQ;S3;H3;C2;CQ,0,D7,D9,SK
10,CK;D5;C5;H6;H4;CA;S6;H7;H5;S5,1,SK,CK,C6
10,SJ;SQ;HQ;S4;D3;DQ;S3;H3;C2;CQ,0,C6,SJ,D9
10,S7;D5;C5;H6;H4;CA;S6;H7;H5;S5,1,D9,S7,CK
10,S8;SQ;HQ;S4;D3;DQ;S3;H3;C2;CQ,0,CK,S8,SJ
10,D4;D5;C5;H6;H4;CA;S6;H7;H5;S5,1,SJ,D4,S7
10,SA;SQ;HQ;S4;D3;DQ;S3;H3;C2;CQ,0,S7,SA,S8
11,SJ;D4;C6;S8;C3;C8;H10;D5;C7;HK,0,H5,SJ,HQ
11,HQ;SQ;D6;H4;S3;H2;H3;CK;S7;S5,1,HQ,HQ,CQ
11,CA;SJ;D4;C6;S8;C3;C8;H10;D5;C7,0,CQ,CA,HK
11,S9;HQ;SQ;D6;H4;S3;H2;H3;S7;S5,1,HK,S9,CK
11,CJ;CA;SJ;D4;C6;S8;C3;C8;D5;C7,0,CK,CJ,H10
11,S6;S9;HQ;D6;H4;S3;H2;H3;S7;S5,1,H10,S6,SQ
11,D2;CJ;CA;D4;C6;S8;C3;C8;D5;C7,0,SQ,D2,SJ
11,HJ;S6;S9;D6;H4;S3;H2;H3;S7;S5,1,SJ,HJ,HQ
11,S4;D2;CA;D4;C6;S8;C3;C8;D5;C7,0,HQ,S4,CJ
11,SA;S6;S9;D6;H4;S3;H2;H3;S7;S5,1,CJ,SA,HJ
11,DA;S4;D2;CA;D4;C6;C3;C8;D5;C7,0,HJ,DA,S8
11,D9;SA;S6;D6;H4;S3;H2;H3;S7;S5,1,S8,D9,S9
11,DK;DA;S4;D2;CA;D4;C6;C3;C8;C7,0,S9,DK,D5
11,C5;SA;S6;D6;H4;S3;H2;H3;S7;S5,1,D5,C5,D9
11,D3;DA;S4;D2;CA;D4;C6;C3;C8;C7,0,D9,D3,DK
11,S10;C5;SA;S6;H4;S3;H2;H3;S7;S5,1,DK,S10,D6
11,HA;D3;DA;D2;CA;D4;C6;C3;C8;C7,0,D6,HA,S4
