1,DJ;DA;C3;C5;C6;S2;H4;S9;C9;DK,0,DJ,DJ,C10
1,HK;H8;S6;S7;D5;CQ;HQ;D3;H3;C7,1,C10,HK,SJ
1,H10;DJ;DA;C3;C5;C6;S2;H4;S9;DK,0,SJ,H10,C9
1,DQ;HK;H8;S6;S7;D5;CQ;D3;H3;C7,1,C9,DQ,HQ
1,S4;H10;DJ;DA;C3;C5;S2;H4;S9;DK,0,HQ,S4,C6
1,D10;DQ;HK;H8;S6;S7;D5;D3;H3;C7,1,C6,D10,CQ
1,S8;S4;H10;DJ;DA;C3;C5;S2;H4;DK,0,CQ,S8,S9
1,D2;D10;DQ;H8;S6;S7;D5;D3;H3;C7,1,S9,D2,HK
1,H2;S8;S4;H10;DJ;C3;C5;S2;H4;DK,0,HK,H2,DA
1,DA;D2;D10;H8;S6;S7;D5;D3;H3;C7,1,DA,DA,DQ
1,D4;H2;S8;S4;H10;DJ;C3;C5;S2;H4,0,DQ,D4,DK
1,C8;DA;D2;H8;S6;S7;D5;D3;H3;C7,1,DK,C8,D10
1,D10;D4;H2;S8;S4;H10;C3;C5;S2;H4,0,D10,D10,DJ
1,C4;C8;DA;D2;S6;S7;D5;D3;H3;C7,1,DJ,C4,H8
1,S5;D10;D4;H2;S8;S4;C3;C5;S2;H4,0,H8,S5,H10
1,H7;C4;DA;D2;S6;S7;D5;D3;H3;C7,1,H10,H7,C8
1,H9;S5;D4;H2;S8;S4;C3;C5;S2;H4,0,C8,H9,D10
1,SK;H7;C4;DA;D2;S7;D5;D3;H3;C7,1,D10,SK,S6
1,HJ;S5;D4;H2;S8;S4;C3;C5;S2;H4,0,S6,HJ,H9
1,CK;H7;C4;DA;D2;S7;D5;D3;H3;C7,1,H9,CK,SK
1,C2;S5;D4;H2;S8;S4;C3;C5;S2;H4,0,SK,C2,HJ
1,SQ;H7;C4;DA;D2;S7;D5;D3;H3;C7,1,HJ,SQ,CK
1,CJ;C2;S5;D4;H2;S4;C3;C5;S2;H4,0,CK,CJ,S8
1,H6;H7;C4;DA;D2;S7;D5;D3;H3;C7,1,S8,H6,SQ
1,H5;C2;S5;D4;H2;S4;C3;C5;S2;H4,0,SQ,H5,CJ
1,HA;H7;C4;DA;D2;S7;D5;D3;H3;C7,1,CJ,HA,H6
1,S10;H5;C2;S5;D4;H2;S4;C5;S2;H4,0,H6,S10,C3
1,S3;HA;H7;C4;DA;D2;S7;D3;H3;C7,1,C3,S3,D5
1,D6;H5;C2;S5;D4;H2;S4;C5;S2;H4,0,D5,D6,S10
1,D9;S3;HA;H7;DA;D2;S7;D3;H3;C7,1,S10,D9,C4
1,C4;H5;C2;S5;D4;H2;S4;C5;S2;H4,0,C4,C4,D6
2,D2;SK;D3;DK;D7;C4;S5;H3;H8;H5,1,H6,D2,SQ
2,SQ;S2;S7;DQ;HA;C7;D4;SA;HQ;D6,0,SQ,SQ,HJ
2,S4;D2;SK;D3;D7;C4;S5;H3;H8;H5,1,HJ,S4,DK
2,C3;SQ;S2;S7;DQ;HA;D4;SA;HQ;D6,0,DK,C3,C7
2,CQ;S4;D2;D3;D7;C4;S5;H3;H8;H5,1,C7,CQ,SK
2,S9;C3;SQ;S2;S7;DQ;D4;SA;HQ;D6,0,SK,S9,HA
2,D8;S4;D2;D3;D7;C4;S5;H3;H8;H5,1,HA,D8,CQ
2,D9;S9;C3;SQ;S2;DQ;D4;SA;HQ;D6,0,CQ,D9,S7
2,S8;D8;S4;D2;D3;D7;C4;S5;H3;H5,1,S7,S8,H8
2,C5;D9;C3;SQ;S2;DQ;D4;SA;HQ;D6,0,H8,C5,S9
2,D5;S8;S4;D2;D3;D7;C4;S5;H3;H5,1,S9,D5,D8
2,S3;C5;C3;SQ;S2;DQ;D4;SA;HQ;D6,0,D8,S3,D9
2,H10;D5;S4;D2;D3;D7;C4;S5;H3;H5,1,D9,H10,S8
2,C10;S3;C5;C3;SQ;S2;DQ;D4;SA;HQ,0,S8,C10,D6
2,C8;D5;S4;D2;D3;D7;C4;S5;H3;H5,1,D6,C8,H10
2,H10;S3;C5;C3;SQ;S2;DQ;D4;SA;HQ,0,H10,H10,C10
2,S6;D5;S4;D2;D3;D7;C4;S5;H3;H5,1,C10,S6,C8
2,CJ;S3;C5;C3;SQ;S2;DQ;D4;SA;HQ,0,C8,CJ,H10
2,SJ;S6;D5;S4;D2;D3;C4;S5;H3;H5,1,H10,SJ,D7
2,H4;CJ;S3;C5;C3;SQ;S2;DQ;SA;HQ,0,D7,H4,D4
2,D4;S6;D5;S4;D2;D3;C4;S5;H3;H5,1,D4,D4,SJ
2,SJ;H4;S3;C5;C3;SQ;S2;DQ;SA;HQ,0,SJ,SJ,CJ
2,DJ;D4;D5;S4;D2;D3;C4;S5;H3;H5,1,CJ,DJ,S6
2,C9;H4;S3;C5;C3;SQ;S2;DQ;SA;HQ,0,S6,C9,SJ
2,C2;D4;D5;S4;D2;D3;C4;S5;H3;H5,1,SJ,C2,DJ
2,C6;H4;S3;C5;C3;SQ;S2;DQ;SA;HQ,0,DJ,C6,C9
2,CK;C2;D4;D5;S4;D2;D3;C4;S5;H3,1,C9,CK,H5
2,D10;H4;S3;C5;C3;SQ;S2;DQ;SA;HQ,0,H5,D10,C6
2,HK;C2;D4;D5;S4;D2;D3;C4;S5;H3,1,C6,HK,CK
2,H2;H4;S3;C5;C3;SQ;S2;DQ;SA;HQ,0,CK,H2,D10
2,DA;C2;D4;D5;S4;D2;D3;C4;S5;H3,1,D10,DA,HK
2,HK;H2;H4;S3;C3;SQ;S2;DQ;SA;HQ,0,HK,HK,C5
2,S10;DA;C2;D4;D5;S4;D2;D3;C4;H3,1,C5,S10,S5
2,H9;HK;H2;H4;S3;SQ;S2;DQ;SA;HQ,0,S5,H9,C3
2,CA;DA;C2;D4;D5;S4;D2;D3;C4;H3,1,C3,CA,S10
2,S10;H9;H2;H4;S3;SQ;S2;DQ;SA;HQ,0,S10,S10,HK
2,H7;CA;DA;C2;D4;D5;S4;D2;D3;H3,1,HK,H7,C4
3,S5;H8;S4;D9;CK;DK;CJ;S3;S8;D8,0,S5,S5,HJ
3,DQ;C2;C9;HK;HA;H9;H3;C10;D10;C6,1,HJ,DQ,DJ
3,DJ;S5;H8;S4;D9;CK;DK;S3;S8;D8,0,DJ,DJ,CJ
3,CJ;DQ;C2;C9;HK;HA;H9;H3;C10;C6,1,CJ,CJ,D10
3,D6;DJ;S5;H8;S4;D9;DK;S3;S8;D8,0,D10,D6,CK
3,C8;CJ;DQ;C2;C9;HA;H9;H3;C10;C6,1,CK,C8,HK
3,HK;D6;S5;H8;S4;D9;DK;S3;S8;D8,0,HK,HK,DJ
3,C7;C8;CJ;C2;C9;HA;H9;H3;C10;C6,1,DJ,C7,DQ
3,DQ;D6;S5;H8;S4;D9;DK;S3;S8;D8,0,DQ,DQ,HK
3,DA;C7;C8;C2;C9;HA;H9;H3;C10;C6,1,HK,DA,CJ
3,H2;DQ;D6;S5;H8;S4;DK;S3;S8;D8,0,CJ,H2,D9
3,D7;DA;C7;C8;C2;C9;HA;H3;C10;C6,1,D9,D7,H9
3,CA;DQ;D6;S5;H8;S4;DK;S3;S8;D8,0,H9,CA,H2
3,C3;DA;C7;C8;C2;C9;HA;H3;C10;C6,1,H2,C3,D7
3,D7;DQ;D6;S5;H8;S4;DK;S3;S8;D8,0,D7,D7,CA
3,CA;C3;DA;C7;C8;C2;C9;HA;C10;C6,1,CA,CA,H3
3,D4;D7;DQ;D6;S5;H8;S4;S3;S8;D8,0,H3,D4,DK
3,SA;CA;DA;C7;C8;C2;C9;HA;C10;C6,1,DK,SA,C3
3,H10;D4;D7;D6;S5;H8;S4;S3;S8;D8,0,C3,H10,DQ
3,H4;SA;CA;DA;C7;C8;C9;HA;C10;C6,1,DQ,H4,C2
3,C5;D4;D7;D6;S5;H8;S4;S3;S8;D8,0,C2,C5,H10
3,SK;SA;CA;DA;C7;C8;C9;HA;C10;C6,1,H10,SK,H4
3,H5;C5;D7;D6;S5;H8;S4;S3;S8;D8,0,H4,H5,D4
3,S6;SA;CA;DA;C7;C8;C9;HA;C10;C6,1,D4,S6,SK
3,S7;H5;C5;D6;S5;H8;S4;S3;S8;D8,0,SK,S7,D7
3,D5;SA;CA;DA;C7;C8;C9;HA;C10;C6,1,D7,D5,S6
3,S10;S7;H5;C5;S5;H8;S4;S3;S8;D8,0,S6,S10,D6
3,CQ;SA;CA;DA;C7;C8;C9;HA;C10;C6,1,D6,CQ,D5
3,SQ;S7;H5;C5;S5;H8;S4;S3;S8;D8,0,D5,SQ,S10
3,D2;SA;CA;DA;C7;C8;C9;HA;C10;C6,1,S10,D2,CQ
3,CQ;S7;H5;C5;S5;H8;S4;S3;S8;D8,0,CQ,CQ,SQ
3,SJ;SA;CA;DA;C7;C8;C9;HA;C10;C6,1,SQ,SJ,D2
3,C4;S7;H5;C5;S5;H8;S4;S3;S8;D8,0,D2,C4,CQ
3,H6;SA;CA;DA;C7;C8;C9;HA;C10;C6,1,CQ,H6,SJ
3,S2;C4;H5;C5;S5;H8;S4;S3;S8;D8,0,SJ,S2,S7
3,D3;SA;CA;DA;C7;C8;C9;HA;C10;C6,1,S7,D3,H6
3,HQ;S2;H5;C5;S5;H8;S4;S3;S8;D8,0,H6,HQ,C4
3,H7;SA;CA;DA;C7;C8;C9;HA;C10;C6,1,C4,H7,D3
3,S9;S2;H5;C5;S5;H8;S4;S3;S8;D8,0,D3,S9,HQ
4,D2;H9;D9;H2;S5;SK;D4;C6;SA;SQ,1,HJ,D2,C10
4,C10;DQ;C4;D10;C2;DA;S4;S2;D6;C8,0,C10,C10,HA
4,C9;D2;H9;D9;H2;S5;SK;D4;C6;SA,1,HA,C9,SQ
4,C7;C10;DQ;C4;D10;C2;S4;S2;D6;C8,0,SQ,C7,DA
4,H3;C9;D2;H9;D9;H2;S5;D4;C6;SA,1,DA,H3,SK
4,H7;C7;C10;C4;D10;C2;S4;S2;D6;C8,0,SK,H7,DQ
4,S9;H3;C9;D2;H9;D9;H2;S5;D4;SA,1,DQ,S9,C6
4,HK;H7;C7;C10;C4;C2;S4;S2;D6;C8,0,C6,HK,D10
4,H4;S9;H3;C9;D2;H9;D9;H2;D4;SA,1,D10,H4,S5
4,CA;H7;C7;C10;C4;C2;S4;S2;D6;C8,0,S5,CA,HK
4,D5;H4;S9;H3;C9;D2;H9;D9;H2;SA,1,HK,D5,D4
4,CJ;CA;C7;C10;C4;C2;S4;S2;D6;C8,0,D4,CJ,H7
4,CQ;H4;S9;H3;C9;D2;H9;D9;H2;SA,1,H7,CQ,D5
4,C3;CA;C7;C10;C4;C2;S4;S2;D6;C8,0,D5,C3,CJ
4,S3;H4;S9;H3;C9;D2;H9;D9;H2;SA,1,CJ,S3,CQ
4,CQ;C3;CA;C7;C4;C2;S4;S2;D6;C8,0,CQ,CQ,C10
4,S10;H4;S9;H3;C9;D2;H9;D9;H2;SA,1,C10,S10,S3
4,S8;C3;CA;C7;C4;C2;S4;S2;D6;C8,0,S3,S8,CQ
4,CK;H4;S9;H3;C9;D2;H9;D9;H2;SA,1,CQ,CK,S10
4,C5;C3;CA;C7;C4;C2;S4;S2;D6;C8,0,S10,C5,S8
4,H6;H4;S9;H3;C9;D2;H9;D9;H2;SA,1,S8,H6,CK
4,DJ;C5;C3;CA;C7;C4;C2;S4;S2;D6,0,CK,DJ,C8
4,H5;H4;S9;H3;C9;D2;H9;D9;H2;SA,1,C8,H5,H6
4,HQ;C5;C3;CA;C7;C4;C2;S4;S2;D6,0,H6,HQ,DJ
4,SJ;H5;H4;S9;H3;C9;H9;D9;H2;SA,1,DJ,SJ,D2
4,H8;C5;C3;CA;C7;C4;C2;S4;S2;D6,0,D2,H8,HQ
4,D8;H5;H4;S9;H3;C9;H9;D9;H2;SA,1,HQ,D8,SJ
4,S6;H8;C5;C3;CA;C7;C4;C2;S4;S2,0,SJ,S6,D6
4,D3;H5;H4;S9;H3;C9;H9;D9;H2;SA,1,D6,D3,D8
4,D8;S6;C5;C3;CA;C7;C4;C2;S4;S2,0,D8,D8,H8
4,H10;H5;H4;S9;H3;C9;H9;D9;H2;SA,1,H8,H10,D3
4,D7;S6;C5;C3;CA;C7;C4;C2;S4;S2,0,D3,D7,D8
4,S7;H5;H4;S9;H3;C9;H9;D9;H2;SA,1,D8,S7,H10
4,DK;S6;C5;C3;CA;C7;C4;C2;S4;S2,0,H10,DK,D7
5,D3;C9;C2;SJ;C5;D4;C3;SK;C7;C6,0,CQ,D3,S10
5,S5;D5;D2;CJ;D9;H3;D8;H5;DJ;SA,1,S10,S5,DK
5,D10;D3;C9;C2;SJ;C5;C3;SK;C7;C6,0,DK,D10,D4
5,H9;S5;D5;D2;CJ;D9;H3;D8;H5;SA,1,D4,H9,DJ
5,D6;D10;C9;C2;SJ;C5;C3;SK;C7;C6,0,DJ,D6,D3
5,HJ;H9;S5;D5;D2;D9;H3;D8;H5;SA,1,D3,HJ,CJ
5,H6;D6;D10;C9;SJ;C5;C3;SK;C7;C6,0,CJ,H6,C2
5,HK;H9;S5;D5;D2;D9;H3;D8;H5;SA,1,C2,HK,HJ
5,SQ;H6;D6;C9;SJ;C5;C3;SK;C7;C6,0,HJ,SQ,D10
5,D10;H9;S5;D5;D2;D9;H3;D8;H5;SA,1,D10,D10,HK
5,H8;SQ;H6;D6;SJ;C5;C3;SK;C7;C6,0,HK,H8,C9
5,S3;D10;S5;D5;D2;D9;H3;D8;H5;SA,1,C9,S3,H9
5,DQ;SQ;H6;D6;SJ;C5;C3;SK;C7;C6,0,H9,DQ,H8
5,H10;S3;D10;S5;D5;D2;D9;D8;H5;SA,1,H8,H10,H3
5,H3;SQ;H6;D6;SJ;C5;C3;SK;C7;C6,0,H3,H3,DQ
5,H4;S3;D10;S5;D5;D2;D9;D8;H5;SA,1,DQ,H4,H10
5,D7;SQ;H6;D6;SJ;C5;C3;SK;C7;C6,0,H10,D7,H3
5,C8;S3;D10;S5;D5;D2;D9;D8;H5;SA,1,H3,C8,H4
5,C10;D7;SQ;H6;D6;SJ;C5;SK;C7;C6,0,H4,C10,C3
5,S2;S3;D10;S5;D5;D2;D9;D8;H5;SA,1,C3,S2,C8
5,C8;D7;SQ;H6;D6;SJ;C5;SK;C7;C6,0,C8,C8,C10
5,HQ;S2;S3;D10;S5;D5;D9;D8;H5;SA,1,C10,HQ,D2
5,CA;C8;SQ;H6;D6;SJ;C5;SK;C7;C6,0,D2,CA,D7
5,S8;S2;S3;D10;S5;D5;D9;D8;H5;SA,1,D7,S8,HQ
5,HQ;C8;SQ;H6;D6;SJ;C5;SK;C7;C6,0,HQ,HQ,CA
5,HA;S2;S3;D10;S5;D5;D9;D8;H5;SA,1,CA,HA,S8
5,S8;C8;SQ;H6;D6;SJ;C5;SK;C7;C6,0,S8,S8,HQ
5,CK;S2;S3;D10;S5;D5;D9;D8;H5;SA,1,HQ,CK,HA
5,S7;C8;SQ;H6;D6;SJ;C5;SK;C7;C6,0,HA,S7,S8
5,S6;S2;S3;D10;S5;D5;D9;D8;H5;SA,1,S8,S6,CK
5,DA;C8;SQ;H6;D6;SJ;C5;SK;C7;C6,0,CK,DA,S7
5,S4;S2;S3;D10;S5;D5;D9;D8;H5;SA,1,S7,S4,S6
5,C4;C8;SQ;H6;D6;SJ;C5;SK;C7;C6,0,S6,C4,DA
5,H2;S4;S2;S3;S5;D5;D9;D8;H5;SA,1,DA,H2,D10
5,H7;C4;SQ;H6;D6;SJ;C5;SK;C7;C6,0,D10,H7,C8
5,S9;H2;S4;S2;S3;S5;D5;D8;H5;SA,1,C8,S9,D9
6,D3;DA;S8;DJ;H3;D2;C8;CJ;D4;D5,0,D3,D3,DQ
6,H6;C10;HK;H5;H7;H2;S9;D7;HA;S5,1,DQ,H6,HQ
6,S7;D3;DA;S8;DJ;H3;D2;C8;D4;D5,0,HQ,S7,CJ
6,C4;H6;C10;H5;H7;H2;S9;D7;HA;S5,1,CJ,C4,HK
6,SJ;S7;D3;DA;S8;H3;D2;C8;D4;D5,0,HK,SJ,DJ
6,S4;C4;H6;H5;H7;H2;S9;D7;HA;S5,1,DJ,S4,C10
6,CK;SJ;S7;D3;DA;S8;H3;D2;D4;D5,0,C10,CK,C8
6,SA;S4;C4;H6;H5;H7;H2;D7;HA;S5,1,C8,SA,S9
6,HJ;CK;S7;D3;DA;S8;H3;D2;D4;D5,0,S9,HJ,SJ
6,D10;SA;S4;C4;H6;H5;H7;H2;HA;S5,1,SJ,D10,D7
6,C6;HJ;S7;D3;DA;S8;H3;D2;D4;D5,0,D7,C6,CK
6,C7;SA;S4;C4;H6;H5;H7;H2;HA;S5,1,CK,C7,D10
6,CA;C6;HJ;S7;D3;DA;H3;D2;D4;D5,0,D10,CA,S8
6,D9;SA;S4;C4;H6;H5;H7;H2;HA;S5,1,S8,D9,C7
6,C7;CA;C6;HJ;D3;DA;H3;D2;D4;D5,0,C7,C7,S7
6,DK;SA;S4;C4;H6;H5;H7;H2;HA;S5,1,S7,DK,D9
6,C9;C7;CA;HJ;D3;DA;H3;D2;D4;D5,0,D9,C9,C6
6,S6;SA;S4;C4;H6;H5;H7;H2;HA;S5,1,C6,S6,DK
6,S2;C9;C7;CA;HJ;D3;DA;D2;D4;D5,0,DK,S2,H3
6,H3;S6;SA;S4;H6;H5;H7;H2;HA;S5,1,H3,H3,C4
6,S3;S2;C9;C7;HJ;D3;DA;D2;D4;D5,0,C4,S3,CA
6,H9;H3;S6;S4;H6;H5;H7;H2;HA;S5,1,CA,H9,SA
6,SA;S3;S2;C9;C7;D3;DA;D2;D4;D5,0,SA,SA,HJ
6,SQ;H3;S6;S4;H6;H5;H7;H2;HA;S5,1,HJ,SQ,H9
6,H10;SA;S3;S2;C7;D3;DA;D2;D4;D5,0,H9,H10,C9
6,D6;H3;S6;S4;H6;H5;H7;H2;HA;S5,1,C9,D6,SQ
6,D8;SA;S3;S2;C7;D3;DA;D2;D4;D5,0,SQ,D8,H10
6,C5;H3;S6;S4;H6;H5;H7;H2;HA;S5,1,H10,C5,D6
6,H4;SA;S3;S2;C7;D3;DA;D2;D4;D5,0,D6,H4,D8
6,S10;H3;S6;S4;H6;H5;H7;H2;HA;S5,1,D8,S10,C5
6,C5;SA;S3;S2;C7;D3;DA;D2;D4;D5,0,C5,C5,H4
6,H8;H3;S6;S4;H6;H5;H7;H2;HA;S5,1,H4,H8,S10
6,SK;C5;SA;S3;S2;D3;DA;D2;D4;D5,0,S10,SK,C7
6,C3;H8;H3;S4;H6;H5;H7;H2;HA;S5,1,C7,C3,S6
6,C2;C5;SA;S3;S2;D3;DA;D2;D4;D5,0,S6,C2,SK
6,CQ;C3;H8;H3;S4;H6;H5;H7;H2;HA,1,SK,CQ,S5
7,D3;S6;D10;D6;DJ;C3;S10;S2;D9;H10,0,D3,D3,C9
7,SQ;H9;CK;H6;S4;S3;DA;CA;H4;S7,1,C9,SQ,CQ
7,H2;D3;S6;D10;DJ;C3;S10;S2;D9;H10,0,CQ,H2,D6
7,D2;SQ;H9;H6;S4;S3;DA;CA;H4;S7,1,D6,D2,CK
7,SJ;H2;D3;S6;D10;DJ;S10;S2;D9;H10,0,CK,SJ,C3
7,HA;D2;H9;H6;S4;S3;DA;CA;H4;S7,1,C3,HA,SQ
7,HQ;SJ;H2;D3;S6;D10;DJ;S10;D9;H10,0,SQ,HQ,S2
7,S2;HA;D2;H6;S4;S3;DA;CA;H4;S7,1,S2,S2,H9
7,H9;HQ;SJ;D3;S6;D10;DJ;S10;D9;H10,0,H9,H9,H2
7,S8;S2;HA;D2;H6;S4;S3;DA;CA;H4,1,H2,S8,S7
7,H3;H9;HQ;SJ;S6;D10;DJ;S10;D9;H10,0,S7,H3,D3
7,C4;S2;HA;D2;H6;S4;S3;DA;CA;H4,1,D3,C4,S8
7,S9;H3;H9;SJ;S6;D10;DJ;S10;D9;H10,0,S8,S9,HQ
7,DQ;C4;S2;HA;D2;S4;S3;DA;CA;H4,1,HQ,DQ,H6
7,H6;S9;H3;H9;SJ;D10;DJ;S10;D9;H10,0,H6,H6,S6
7,D8;C4;S2;HA;D2;S4;S3;DA;CA;H4,1,S6,D8,DQ
7,D7;S9;H3;H9;SJ;D10;DJ;S10;D9;H10,0,DQ,D7,H6
7,H7;C4;S2;HA;D2;S4;S3;DA;CA;H4,1,H6,H7,D8
7,D8;D7;S9;H9;SJ;D10;DJ;S10;D9;H10,0,D8,D8,H3
7,C5;C4;S2;HA;D2;S4;S3;DA;CA;H4,1,H3,C5,H7
7,SK;D8;D7;S9;H9;SJ;D10;S10;D9;H10,0,H7,SK,DJ
7,S5;C4;S2;HA;D2;S4;S3;DA;CA;H4,1,DJ,S5,C5
7,HK;D8;D7;S9;H9;SJ;D10;S10;D9;H10,0,C5,HK,SK
7,H5;S5;C4;S2;HA;D2;S4;S3;DA;CA,1,SK,H5,H4
7,C8;D8;D7;S9;H9;SJ;D10;S10;D9;H10,0,H4,C8,HK
7,CJ;S5;C4;S2;HA;D2;S4;S3;DA;CA,1,HK,CJ,H5
7,SA;D8;D7;S9;H9;SJ;D10;S10;D9;H10,0,H5,SA,C8
7,C7;S5;C4;S2;HA;D2;S4;S3;DA;CA,1,C8,C7,CJ
7,CJ;D8;D7;S9;H9;SJ;D10;S10;D9;H10,0,CJ,CJ,SA
7,SA;S5;C4;S2;HA;D2;S4;S3;DA;CA,1,SA,SA,C7
7,D5;D8;D7;S9;H9;SJ;D10;S10;D9;H10,0,C7,D5,CJ
7,H8;SA;S5;S2;HA;D2;S4;S3;DA;CA,1,CJ,H8,C4
7,C2;D8;D7;S9;H9;SJ;D10;S10;D9;H10,0,C4,C2,D5
7,HJ;SA;S5;S2;HA;D2;S4;S3;DA;CA,1,D5,HJ,H8
7,H8;D8;D7;S9;H9;SJ;D10;S10;D9;H10,0,H8,H8,C2
7,C10;SA;S5;S2;HA;D2;S4;S3;DA;CA,1,C2,C10,HJ
7,HJ;D8;D7;S9;H9;SJ;D10;S10;D9;H10,0,HJ,HJ,H8
7,D4;SA;S5;S2;HA;D2;S4;S3;DA;CA,1,H8,D4,C10
7,C6;HJ;D8;S9;H9;SJ;D10;S10;D9;H10,0,C10,C6,D7
7,DK;SA;S5;S2;HA;D2;S4;S3;DA;CA,1,D7,DK,D4
8,S7;D6;H4;H2;DJ;C10;H6;C8;SJ;H3,0,S5,S7,SQ
8,SQ;S4;DQ;D7;H9;S2;C5;H7;HK;C3,1,SQ,SQ,HQ
8,D9;S7;D6;H4;H2;DJ;C10;H6;C8;H3,0,HQ,D9,SJ
8,S6;SQ;S4;DQ;D7;H9;S2;C5;H7;C3,1,SJ,S6,HK
8,C2;D9;S7;H4;H2;DJ;C10;H6;C8;H3,0,HK,C2,D6
8,S3;S6;SQ;S4;D7;H9;S2;C5;H7;C3,1,D6,S3,DQ
8,D4;D9;S7;H4;H2;DJ;C10;H6;C8;H3,0,DQ,D4,C2
8,D3;S3;S6;S4;D7;H9;S2;C5;H7;C3,1,C2,D3,SQ
8,C4;D4;D9;S7;H4;H2;DJ;H6;C8;H3,0,SQ,C4,C10
8,CA;D3;S3;S6;S4;D7;S2;C5;H7;C3,1,C10,CA,H9
8,D10;C4;D4;D9;S7;H4;H2;DJ;H6;H3,0,H9,D10,C8
8,C7;CA;D3;S3;S6;S4;D7;S2;C5;C3,1,C8,C7,H7
8,CQ;D10;C4;D4;D9;H4;H2;DJ;H6;H3,0,H7,CQ,S7
8,S7;C7;CA;D3;S3;S6;S4;S2;C5;C3,1,S7,S7,D7
8,H8;D10;C4;D4;D9;H4;H2;DJ;H6;H3,0,D7,H8,CQ
8,S10;S7;CA;D3;S3;S6;S4;S2;C5;C3,1,CQ,S10,C7
8,C9;H8;D10;C4;D4;D9;H4;H2;DJ;H3,0,C7,C9,H6
8,DK;S7;CA;D3;S3;S6;S4;S2;C5;C3,1,H6,DK,S10
8,S10;H8;D10;C4;D4;D9;H4;H2;DJ;H3,0,S10,S10,C9
8,SK;S7;CA;D3;S3;S6;S4;S2;C5;C3,1,C9,SK,DK
8,SA;H8;D10;C4;D4;D9;H4;H2;DJ;H3,0,DK,SA,S10
8,CK;S7;CA;D3;S3;S6;S4;S2;C5;C3,1,S10,CK,SK
8,D8;SA;D10;C4;D4;D9;H4;H2;DJ;H3,0,SK,D8,H8
8,H5;S7;CA;D3;S3;S6;S4;S2;C5;C3,1,H8,H5,CK
8,DA;D8;D10;C4;D4;D9;H4;H2;DJ;H3,0,CK,DA,SA
8,SA;H5;CA;D3;S3;S6;S4;S2;C5;C3,1,SA,SA,S7
8,S8;D8;D10;C4;D4;D9;H4;H2;DJ;H3,0,S7,S8,DA
8,C6;SA;H5;CA;D3;S3;S4;S2;C5;C3,1,DA,C6,S6
8,CJ;D8;D10;C4;D4;D9;H4;H2;DJ;H3,0,S6,CJ,S8
8,HA;SA;H5;CA;D3;S3;S4;S2;C5;C3,1,S8,HA,C6
8,D2;D8;D10;C4;D4;D9;H4;H2;DJ;H3,0,C6,D2,CJ
8,D5;HA;SA;H5;CA;D3;S3;S4;S2;C3,1,CJ,D5,C5
8,S9;D8;D10;C4;D4;D9;H4;H2;DJ;H3,0,C5,S9,D2
8,HJ;D5;HA;SA;CA;D3;S3;S4;S2;C3,1,D2,HJ,H5
8,H5;D8;D10;C4;D4;D9;H4;H2;DJ;H3,0,H5,H5,S9
8,H10;D5;HA;SA;CA;D3;S3;S4;S2;C3,1,S9,H10,HJ
