1,H8;S8;D2;HA;C6;S7;DA;C3;S2;S5,1,H5,H8,C10
1,C4;D6;D7;H4;C2;DQ;D3;HQ;C5;CQ,0,C10,C4,D10
1,H9;H8;D2;HA;C6;S7;DA;C3;S2;S5,1,D10,H9,S8
1,S4;C4;D6;H4;C2;DQ;D3;HQ;C5;CQ,0,S8,S4,D7
1,H3;H8;D2;HA;C6;S7;DA;C3;S2;S5,1,D7,H3,H9
1,C7;S4;C4;H4;C2;DQ;D3;HQ;C5;CQ,0,H9,C7,D6
1,S3;H3;D2;HA;C6;S7;DA;C3;S2;S5,1,D6,S3,H8
1,HJ;S4;C4;H4;C2;DQ;D3;HQ;C5;CQ,0,H8,HJ,C7
1,C8;S3;H3;D2;HA;C6;DA;C3;S2;S5,1,C7,C8,S7
1,DJ;S4;C4;H4;C2;DQ;D3;HQ;C5;CQ,0,S7,DJ,HJ
1,H7;S3;H3;D2;HA;C6;DA;C3;S2;S5,1,HJ,H7,C8
1,CJ;S4;C4;H4;C2;DQ;D3;HQ;C5;CQ,0,C8,CJ,DJ
1,S6;S3;H3;D2;HA;C6;DA;C3;S2;S5,1,DJ,S6,H7
1,C9;S4;C4;H4;C2;DQ;D3;HQ;C5;CQ,0,H7,C9,CJ
1,H2;S6;S3;H3;D2;HA;DA;C3;S2;S5,1,CJ,H2,C6
1,D9;S4;C4;H4;C2;DQ;D3;HQ;C5;CQ,0,C6,D9,C9
1,SA;H2;S3;H3;D2;HA;DA;C3;S2;S5,1,C9,SA,S6
1,H6;S4;C4;H4;C2;DQ;D3;HQ;C5;CQ,0,S6,H6,D9
1,HK;SA;H2;S3;H3;D2;HA;DA;C3;S2,1,D9,HK,S5
1,CA;S4;C4;H4;C2;DQ;D3;HQ;C5;CQ,0,S5,CA,H6
1,DK;SA;H2;S3;H3;D2;HA;DA;C3;S2,1,H6,DK,HK
1,S9;CA;S4;C4;H4;C2;DQ;D3;HQ;CQ,0,HK,S9,C5
1,SJ;SA;H2;S3;H3;D2;HA;DA;C3;S2,1,C5,SJ,DK
1,CK;CA;S4;C4;H4;C2;DQ;D3;HQ;CQ,0,DK,CK,S9
1,S10;SA;H2;S3;H3;D2;HA;DA;C3;S2,1,S9,S10,SJ
1,SK;CA;S4;C4;H4;C2;DQ;D3;HQ;CQ,0,SJ,SK,CK
1,SQ;SA;H2;S3;H3;D2;HA;DA;C3;S2,1,CK,SQ,S10
1,H10;CA;S4;C4;H4;C2;DQ;D3;HQ;CQ,0,S10,H10,SK
1,D8;SA;H2;S3;H3;D2;HA;DA;C3;S2,1,SK,D8,SQ
1,SQ;CA;S4;C4;H4;C2;DQ;D3;HQ;CQ,0,SQ,SQ,H10
1,D5;SA;H2;S3;H3;D2;HA;DA;C3;S2,1,H10,D5,D8
1,D4;CA;S4;C4;H4;C2;DQ;D3;HQ;CQ,0,D8,D4,SQ
2,H4;C6;H6;S9;D4;C7;D2;CK;S10;D5,1,D8,H4,CQ
2,C4;H2;S5;CA;DA;H5;C3;H9;S2;H10,0,CQ,C4,HK
2,S3;H4;C6;H6;S9;D4;C7;D2;CK;D5,1,HK,S3,S10
2,C2;C4;H2;S5;CA;DA;H5;C3;H9;S2,0,S10,C2,H10
2,S4;S3;H4;C6;H6;S9;D4;C7;D2;D5,1,H10,S4,CK
2,H3;C2;C4;H2;S5;CA;DA;H5;C3;S2,0,CK,H3,H9
2,D6;S4;S3;H4;C6;H6;D4;C7;D2;D5,1,H9,D6,S9
2,SJ;H3;C2;C4;H2;S5;CA;DA;C3;S2,0,S9,SJ,H5
2,H5;D6;S4;S3;H4;C6;H6;D4;D2;D5,1,H5,H5,C7
2,D9;H3;C2;C4;H2;S5;CA;DA;C3;S2,0,C7,D9,SJ
2,C10;H5;D6;S4;S3;H4;H6;D4;D2;D5,1,SJ,C10,C6
2,HQ;H3;C2;C4;H2;S5;CA;DA;C3;S2,0,C6,HQ,D9
2,CJ;H5;D6;S4;S3;H4;H6;D4;D2;D5,1,D9,CJ,C10
2,SA;H3;C2;C4;H2;S5;CA;DA;C3;S2,0,C10,SA,HQ
2,H8;H5;D6;S4;S3;H4;H6;D4;D2;D5,1,HQ,H8,CJ
2,HA;SA;H3;C2;C4;H2;CA;DA;C3;S2,0,CJ,HA,S5
2,S5;H5;D6;S4;S3;H4;H6;D4;D2;D5,1,S5,S5,H8
2,C8;HA;SA;H3;C2;C4;H2;CA;DA;C3,0,H8,C8,S2
2,S8;S5;H5;D6;S4;S3;H4;H6;D4;D5,1,S2,S8,D2
2,D10;HA;SA;H3;C2;C4;H2;CA;DA;C3,0,D2,D10,C8
2,H7;S5;H5;D6;S4;S3;H4;H6;D4;D5,1,C8,H7,S8
2,D7;HA;SA;H3;C2;C4;H2;CA;DA;C3,0,S8,D7,D10
2,DQ;H7;S5;H5;S4;S3;H4;H6;D4;D5,1,D10,DQ,D6
2,D3;HA;SA;H3;C2;C4;H2;CA;DA;C3,0,D6,D3,D7
2,SQ;H7;S5;H5;S4;S3;H4;H6;D4;D5,1,D7,SQ,DQ
2,C5;HA;SA;H3;C2;C4;H2;CA;DA;C3,0,DQ,C5,D3
2,SK;H7;S5;H5;S4;S3;H4;H6;D4;D5,1,D3,SK,SQ
2,DJ;HA;SA;H3;C2;C4;H2;CA;DA;C3,0,SQ,DJ,C5
2,C5;H7;S5;H5;S4;S3;H4;H6;D4;D5,1,C5,C5,SK
2,C9;HA;SA;H3;C2;C4;H2;CA;DA;C3,0,SK,C9,DJ
2,S6;C5;H7;S5;H5;S4;S3;H4;H6;D5,1,DJ,S6,D4
2,HJ;HA;SA;H3;C2;C4;H2;CA;DA;C3,0,D4,HJ,C9
2,DK;S6;C5;H7;S5;H5;S4;S3;H4;H6,1,C9,DK,D5
2,S7;HA;SA;H3;C2;C4;H2;CA;DA;C3,0,D5,S7,HJ
3,S7;S9;D9;CK;H7;D7;C5;H9;D5;D6,1,S4,S7,HJ
3,HJ;CJ;H2;SJ;H3;S3;D8;HQ;H8;DA,0,HJ,HJ,HK
3,S8;S7;S9;D9;H7;D7;C5;H9;D5;D6,1,HK,S8,CK
3,C7;HJ;CJ;H2;SJ;H3;S3;D8;H8;DA,0,CK,C7,HQ
3,S2;S8;S7;S9;D9;H7;D7;C5;D5;D6,1,HQ,S2,H9
3,D4;C7;HJ;CJ;H2;SJ;H3;S3;D8;DA,0,H9,D4,H8
3,SQ;S2;S8;S7;S9;H7;D7;C5;D5;D6,1,H8,SQ,D9
3,DQ;D4;C7;HJ;CJ;H2;SJ;H3;S3;DA,0,D9,DQ,D8
3,C4;S2;S8;S7;S9;H7;D7;C5;D5;D6,1,D8,C4,SQ
3,DK;D4;C7;HJ;CJ;H2;SJ;H3;S3;DA,0,SQ,DK,DQ
3,H4;C4;S2;S8;S7;S9;D7;C5;D5;D6,1,DQ,H4,H7
3,H5;D4;C7;HJ;CJ;H2;SJ;H3;S3;DA,0,H7,H5,DK
3,CA;H4;C4;S2;S8;S7;S9;D7;D5;D6,1,DK,CA,C5
3,CQ;H5;D4;HJ;CJ;H2;SJ;H3;S3;DA,0,C5,CQ,C7
3,D10;CA;H4;S2;S8;S7;S9;D7;D5;D6,1,C7,D10,C4
3,C6;H5;D4;HJ;CJ;H2;SJ;H3;S3;DA,0,C4,C6,CQ
3,S10;CA;H4;S2;S8;S7;S9;D7;D5;D6,1,CQ,S10,D10
3,C8;H5;D4;HJ;CJ;H2;SJ;H3;S3;DA,0,D10,C8,C6
3,C10;S10;CA;H4;S2;S8;S7;S9;D5;D6,1,C6,C10,D7
3,D3;H5;D4;HJ;CJ;H2;SJ;H3;S3;DA,0,D7,D3,C8
3,C9;S10;CA;H4;S2;S8;S7;S9;D5;D6,1,C8,C9,C10
3,D2;D3;D4;HJ;CJ;H2;SJ;H3;S3;DA,0,C10,D2,H5
3,C3;S10;CA;H4;S2;S8;S7;S9;D5;D6,1,H5,C3,C9
3,H6;D2;D3;D4;HJ;CJ;H2;SJ;H3;DA,0,C9,H6,S3
3,SK;C3;S10;CA;H4;S2;S8;S7;S9;D5,1,S3,SK,D6
3,H10;D2;D3;D4;HJ;CJ;H2;SJ;H3;DA,0,D6,H10,H6
3,SA;C3;S10;CA;H4;S2;S8;S7;S9;D5,1,H6,SA,SK
3,HA;D2;D3;D4;HJ;CJ;H2;SJ;H3;DA,0,SK,HA,H10
3,S5;SA;C3;S10;CA;H4;S2;S8;S7;S9,1,H10,S5,D5
3,D5;HA;D2;D3;D4;HJ;CJ;H2;H3;DA,0,D5,D5,SJ
3,SJ;SA;C3;S10;CA;H4;S2;S8;S7;S9,1,SJ,SJ,S5
3,C2;D5;HA;D2;D3;D4;HJ;H2;H3;DA,0,S5,C2,CJ
3,S6;SJ;SA;C3;S10;CA;S2;S8;S7;S9,1,CJ,S6,H4
3,DJ;C2;D5;HA;D2;D3;D4;H2;H3;DA,0,H4,DJ,HJ
4,D10;HA;DK;H3;C9;D8;S10;S4;C10;D3,1,D10,D10,HK
4,C5;S6;SJ;H9;C7;C3;S9;D9;S7;C4,0,HK,C5,CQ
4,DJ;D10;HA;H3;C9;D8;S10;S4;C10;D3,1,CQ,DJ,DK
4,HJ;C5;S6;H9;C7;C3;S9;D9;S7;C4,0,DK,HJ,SJ
4,SQ;D10;HA;H3;C9;D8;S10;S4;C10;D3,1,SJ,SQ,DJ
4,H8;C5;S6;H9;C7;C3;S9;D9;S7;C4,0,DJ,H8,HJ
4,D2;D10;HA;H3;C9;D8;S10;S4;C10;D3,1,HJ,D2,SQ
4,H2;C5;S6;H9;C7;C3;S9;D9;S7;C4,0,SQ,H2,H8
4,D6;D2;D10;HA;H3;D8;S10;S4;C10;D3,1,H8,D6,C9
4,C9;H2;C5;S6;H9;C7;C3;S9;D9;C4,0,C9,C9,S7
4,H6;D6;D2;D10;HA;H3;S10;S4;C10;D3,1,S7,H6,D8
4,CA;C9;H2;C5;S6;H9;C7;C3;D9;C4,0,D8,CA,S9
4,SK;H6;D2;D10;HA;H3;S10;S4;C10;D3,1,S9,SK,D6
4,S8;CA;C9;H2;C5;S6;H9;C3;D9;C4,0,D6,S8,C7
4,S2;H6;D2;D10;HA;H3;S10;S4;C10;D3,1,C7,S2,SK
4,C2;CA;C9;H2;C5;S6;H9;C3;D9;C4,0,SK,C2,S8
4,H4;S2;D2;D10;HA;H3;S10;S4;C10;D3,1,S8,H4,H6
4,D7;C2;CA;C9;H2;C5;H9;C3;D9;C4,0,H6,D7,S6
4,H5;H4;S2;D2;D10;HA;H3;S10;C10;D3,1,S6,H5,S4
4,CK;C2;CA;C9;H2;C5;H9;C3;D9;C4,0,S4,CK,D7
4,SA;H5;H4;S2;D2;D10;HA;H3;S10;C10,1,D7,SA,D3
4,DA;C2;CA;C9;H2;C5;H9;C3;D9;C4,0,D3,DA,CK
4,D5;SA;H5;H4;S2;D10;HA;H3;S10;C10,1,CK,D5,D2
4,DQ;DA;C2;CA;C9;C5;H9;C3;D9;C4,0,D2,DQ,H2
4,H2;SA;H5;H4;S2;D10;HA;H3;S10;C10,1,H2,H2,D5
4,S3;DA;C2;CA;C9;C5;H9;C3;D9;C4,0,D5,S3,DQ
4,C8;H2;SA;H5;H4;D10;HA;H3;S10;C10,1,DQ,C8,S2
4,HQ;DA;C2;CA;C9;C5;H9;C3;D9;C4,0,S2,HQ,S3
4,C6;H2;SA;H5;H4;D10;HA;H3;S10;C10,1,S3,C6,C8
4,H7;DA;C2;CA;C9;C5;H9;C3;D9;C4,0,C8,H7,HQ
4,CJ;H2;SA;H5;H4;D10;HA;H3;S10;C10,1,HQ,CJ,C6
4,H10;DA;C2;CA;C9;C5;H9;C3;D9;C4,0,C6,H10,H7
4,D4;H2;SA;H5;H4;D10;HA;H3;S10;C10,1,H7,D4,CJ
4,S5;DA;C2;CA;C9;C5;H9;C3;D9;C4,0,CJ,S5,H10
5,DQ;S8;C9;S9;S7;C4;H10;CK;D9;D6,1,SJ,DQ,HJ
5,H2;SQ;S4;CJ;H3;D4;D8;D7;H4;C2,0,HJ,H2,SK
5,D10;DQ;S8;C9;S9;S7;C4;H10;D9;D6,1,SK,D10,CK
5,S2;H2;S4;CJ;H3;D4;D8;D7;H4;C2,0,CK,S2,SQ
5,S3;D10;DQ;S8;C9;S9;S7;C4;D9;D6,1,SQ,S3,H10
5,CA;S2;H2;S4;H3;D4;D8;D7;H4;C2,0,H10,CA,CJ
5,CQ;S3;D10;S8;C9;S9;S7;C4;D9;D6,1,CJ,CQ,DQ
5,H7;CA;S2;H2;S4;H3;D4;D7;H4;C2,0,DQ,H7,D8
5,D8;CQ;S3;S8;C9;S9;S7;C4;D9;D6,1,D8,D8,D10
5,H6;H7;CA;S2;H2;S4;H3;D4;H4;C2,0,D10,H6,D7
5,D7;D8;S3;S8;C9;S9;S7;C4;D9;D6,1,D7,D7,CQ
5,HA;H6;CA;S2;H2;S4;H3;D4;H4;C2,0,CQ,HA,H7
5,S10;D7;D8;S3;S8;C9;S7;C4;D9;D6,1,H7,S10,S9
5,H5;HA;CA;S2;H2;S4;H3;D4;H4;C2,0,S9,H5,H6
5,C3;D7;D8;S3;S8;C9;S7;C4;D9;D6,1,H6,C3,S10
5,D3;HA;CA;S2;H2;S4;H3;D4;H4;C2,0,S10,D3,H5
5,H8;C3;D7;D8;S3;S8;S7;C4;D9;D6,1,H5,H8,C9
5,HK;HA;CA;S2;H2;S4;H3;D4;H4;C2,0,C9,HK,D3
5,D3;H8;C3;D7;D8;S3;S7;C4;D9;D6,1,D3,D3,S8
5,D5;HA;CA;S2;H2;S4;H3;D4;H4;C2,0,S8,D5,HK
5,H9;D3;C3;D7;D8;S3;S7;C4;D9;D6,1,HK,H9,H8
5,C5;HA;CA;S2;H2;S4;H3;D4;H4;C2,0,H8,C5,D5
5,D5;D3;C3;D7;D8;S3;S7;C4;D9;D6,1,D5,D5,H9
5,C8;HA;CA;S2;H2;S4;H3;D4;H4;C2,0,H9,C8,C5
5,DK;D5;D3;C3;D7;D8;S3;C4;D9;D6,1,C5,DK,S7
5,S6;HA;CA;S2;H2;S4;H3;D4;H4;C2,0,S7,S6,C8
5,C7;D5;D3;C3;D7;D8;S3;C4;D9;D6,1,C8,C7,DK
5,SA;HA;CA;S2;H2;S4;H3;D4;H4;C2,0,DK,SA,S6
5,DJ;D5;D3;C3;D7;D8;S3;C4;D9;D6,1,S6,DJ,C7
5,S5;SA;HA;CA;S2;H2;S4;D4;H4;C2,0,C7,S5,H3
5,H3;D5;D3;C3;D7;D8;S3;C4;D9;D6,1,H3,H3,DJ
5,C6;SA;HA;CA;S2;H2;S4;D4;H4;C2,0,DJ,C6,S5
5,DA;H3;D5;D3;C3;D7;D8;S3;D9;D6,1,S5,DA,C4
5,C4;SA;HA;CA;S2;H2;S4;D4;H4;C2,0,C4,C4,C6
5,D2;H3;D5;D3;C3;D7;D8;S3;D9;D6,1,C6,D2,DA
5,C10;C4;SA;HA;CA;S2;H2;D4;H4;C2,0,DA,C10,S4
5,HQ;H3;D5;D3;C3;D7;D8;S3;D9;D6,1,S4,HQ,D2
6,DA;C8;H6;D10;H4;S3;HQ;S8;CA;S7,0,HA,DA,DQ
6,H8;C3;C5;C4;D2;H10;D5;H9;C6;H5,1,DQ,H8,HK
6,H3;DA;C8;H6;D10;H4;S3;S8;CA;S7,0,HK,H3,HQ
6,S5;H8;C3;C5;C4;D2;D5;H9;C6;H5,1,HQ,S5,H10
6,SK;H3;DA;C8;H6;H4;S3;S8;CA;S7,0,H10,SK,D10
6,D8;S5;H8;C3;C5;C4;D2;D5;C6;H5,1,D10,D8,H9
6,H2;H3;DA;C8;H6;H4;S3;S8;CA;S7,0,H9,H2,SK
6,CK;D8;S5;C3;C5;C4;D2;D5;C6;H5,1,SK,CK,H8
6,DJ;H2;H3;DA;C8;H6;H4;S3;CA;S7,0,H8,DJ,S8
6,CJ;D8;S5;C3;C5;C4;D2;D5;C6;H5,1,S8,CJ,CK
6,H7;H2;H3;DA;C8;H6;H4;S3;CA;S7,0,CK,H7,DJ
6,S9;D8;S5;C3;C5;C4;D2;D5;C6;H5,1,DJ,S9,CJ
6,D6;H7;H2;H3;DA;H6;H4;S3;CA;S7,0,CJ,D6,C8
6,SQ;D8;S5;C3;C5;C4;D2;D5;C6;H5,1,C8,SQ,S9
6,S6;D6;H7;H2;H3;DA;H6;H4;S3;CA,0,S9,S6,S7
6,S4;D8;S5;C3;C5;C4;D2;D5;C6;H5,1,S7,S4,SQ
6,CQ;S6;D6;H2;H3;DA;H6;H4;S3;CA,0,SQ,CQ,H7
6,D7;S4;S5;C3;C5;C4;D2;D5;C6;H5,1,H7,D7,D8
6,C2;S6;D6;H2;H3;DA;H6;H4;S3;CA,0,D8,C2,CQ
6,HJ;S4;S5;C3;C5;C4;D2;D5;C6;H5,1,CQ,HJ,D7
6,S10;C2;S6;D6;H2;H3;DA;H6;H4;CA,0,D7,S10,S3
6,DK;S4;S5;C3;C5;C4;D2;D5;C6;H5,1,S3,DK,HJ
6,SJ;C2;S6;D6;H2;H3;DA;H6;H4;CA,0,HJ,SJ,S10
6,C7;S4;S5;C3;C5;C4;D2;D5;C6;H5,1,S10,C7,DK
6,D3;C2;S6;D6;H2;H3;DA;H6;H4;CA,0,DK,D3,SJ
6,S2;C7;S5;C3;C5;C4;D2;D5;C6;H5,1,SJ,S2,S4
6,D9;C2;S6;D6;H2;H3;DA;H6;H4;CA,0,S4,D9,D3
6,SA;S2;C7;S5;C3;C5;C4;D5;C6;H5,1,D3,SA,D2
6,C9;C2;S6;D6;H2;H3;DA;H6;H4;CA,0,D2,C9,D9
6,D4;SA;C7;S5;C3;C5;C4;D5;C6;H5,1,D9,D4,S2
6,C10;C2;S6;D6;H2;H3;DA;H6;H4;CA,0,S2,C10,C9
7,D4;S3;D3;C8;S8;D5;DA;S2;SK;SQ,1,D4,D4,CQ
7,H8;HA;C6;C10;H9;H7;D6;C5;C2;D8,0,CQ,H8,HQ
7,H2;D4;S3;D3;C8;S8;D5;DA;S2;SK,1,HQ,H2,SQ
7,H10;H8;HA;C6;H9;H7;D6;C5;C2;D8,0,SQ,H10,C10
7,S7;H2;D4;S3;D3;C8;S8;D5;DA;S2,1,C10,S7,SK
7,S9;H10;H8;HA;C6;H9;H7;D6;C5;C2,0,SK,S9,D8
7,D8;S7;H2;D4;S3;D3;C8;D5;DA;S2,1,D8,D8,S8
7,DQ;H10;H8;HA;C6;H9;H7;D6;C5;C2,0,S8,DQ,S9
7,CK;D8;S7;H2;D4;S3;D3;D5;DA;S2,1,S9,CK,C8
7,SJ;H10;H8;HA;C6;H9;H7;D6;C5;C2,0,C8,SJ,DQ
7,SA;D8;S7;H2;D4;S3;D3;D5;DA;S2,1,DQ,SA,CK
7,H6;H10;H8;HA;C6;H9;H7;D6;C5;C2,0,CK,H6,SJ
7,HK;SA;S7;H2;D4;S3;D3;D5;DA;S2,1,SJ,HK,D8
7,H3;H6;H10;H8;HA;C6;H9;D6;C5;C2,0,D8,H3,H7
7,H4;SA;S7;H2;D4;S3;D3;D5;DA;S2,1,H7,H4,HK
7,S5;H3;H6;H10;H8;HA;C6;H9;D6;C2,0,HK,S5,C5
7,DJ;H4;SA;H2;D4;S3;D3;D5;DA;S2,1,C5,DJ,S7
7,D10;H3;H6;H10;H8;HA;C6;H9;D6;C2,0,S7,D10,S5
7,H5;H4;SA;H2;D4;S3;D3;D5;DA;S2,1,S5,H5,DJ
7,CA;H3;H6;H10;H8;HA;C6;H9;D6;C2,0,DJ,CA,D10
7,HJ;H4;SA;H2;D4;S3;D3;D5;DA;S2,1,D10,HJ,H5
7,D9;CA;H6;H10;H8;HA;C6;H9;D6;C2,0,H5,D9,H3
7,H3;H4;SA;H2;D4;S3;D3;D5;DA;S2,1,H3,H3,HJ
7,HJ;CA;H6;H10;H8;HA;C6;H9;D6;C2,0,HJ,HJ,D9
7,C7;H3;H4;SA;H2;D4;S3;D3;D5;S2,1,D9,C7,DA
7,C3;HJ;CA;H6;H10;HA;C6;H9;D6;C2,0,DA,C3,H8
7,CJ;H3;H4;SA;H2;D4;S3;D3;D5;S2,1,H8,CJ,C7
7,S4;C3;HJ;CA;H6;H10;C6;H9;D6;C2,0,C7,S4,HA
7,C9;H3;H4;SA;H2;D4;S3;D3;D5;S2,1,HA,C9,CJ
7,D2;C3;HJ;CA;H6;H10;C6;H9;D6;C2,0,CJ,D2,S4
7,D7;H3;H4;SA;H2;D4;S3;D3;D5;S2,1,S4,D7,C9
7,C4;C3;HJ;CA;H6;H10;C6;H9;D6;C2,0,C9,C4,D2
7,DK;H3;H4;SA;H2;D4;S3;D3;D5;S2,1,D2,DK,D7
7,S6;C4;C3;CA;H6;H10;C6;H9;D6;C2,0,D7,S6,HJ
7,S10;H3;H4;SA;H2;D4;S3;D3;D5;S2,1,HJ,S10,DK
8,S3;H7;H6;S2;C8;D2;H3;D6;H2;S6,0,CK,S3,CJ
8,C10;D4;S10;S7;SQ;HQ;DA;C6;C5;SJ,1,CJ,C10,DQ
8,D7;S3;H7;H6;S2;D2;H3;D6;H2;S6,0,DQ,D7,C8
8,D10;C10;D4;S10;S7;SQ;DA;C6;C5;SJ,1,C8,D10,HQ
8,CQ;D7;S3;H6;S2;D2;H3;D6;H2;S6,0,HQ,CQ,H7
8,D9;D10;D4;S10;S7;SQ;DA;C6;C5;SJ,1,H7,D9,C10
8,S8;D7;S3;H6;S2;D2;H3;D6;H2;S6,0,C10,S8,CQ
8,DK;D9;D4;S10;S7;SQ;DA;C6;C5;SJ,1,CQ,DK,D10
8,H10;D7;S3;H6;S2;D2;H3;D6;H2;S6,0,D10,H10,S8
8,D5;D9;D4;S10;S7;SQ;DA;C6;C5;SJ,1,S8,D5,DK
8,D8;D7;S3;H6;S2;D2;H3;D6;H2;S6,0,DK,D8,H10
8,SK;D5;D4;S10;S7;SQ;DA;C6;C5;SJ,1,H10,SK,D9
8,D9;D8;D7;S3;H6;S2;D2;H3;D6;H2,0,D9,D9,S6
8,C3;SK;D5;D4;S10;SQ;DA;C6;C5;SJ,1,S6,C3,S7
8,C9;D9;D8;D7;S3;H6;S2;D2;H3;H2,0,S7,C9,D6
8,HJ;C3;SK;D5;D4;S10;SQ;DA;C5;SJ,1,D6,HJ,C6
8,C2;D9;D8;D7;S3;H6;S2;D2;H3;H2,0,C6,C2,C9
8,S9;C3;SK;D5;D4;S10;SQ;DA;C5;SJ,1,C9,S9,HJ
8,HA;C2;D9;D8;D7;S3;S2;D2;H3;H2,0,HJ,HA,H6
8,H9;S9;C3;SK;D5;D4;S10;SQ;DA;SJ,1,H6,H9,C5
8,H5;HA;C2;D9;D8;D7;S2;D2;H3;H2,0,C5,H5,S3
8,H4;S9;C3;SK;D5;D4;S10;SQ;DA;SJ,1,S3,H4,H9
8,CA;HA;C2;D9;D8;D7;S2;D2;H3;H2,0,H9,CA,H5
8,SA;H4;S9;C3;SK;D4;S10;SQ;DA;SJ,1,H5,SA,D5
8,HK;HA;C2;D9;D8;D7;S2;D2;H3;H2,0,D5,HK,CA
8,CA;SA;H4;S9;C3;SK;S10;SQ;DA;SJ,1,CA,CA,D4
8,DJ;HA;C2;D9;D8;D7;S2;D2;H3;H2,0,D4,DJ,HK
8,H8;CA;SA;S9;C3;SK;S10;SQ;DA;SJ,1,HK,H8,H4
8,S4;HA;C2;D9;D8;D7;S2;D2;H3;H2,0,H4,S4,DJ
8,D3;CA;SA;S9;C3;SK;S10;SQ;DA;SJ,1,DJ,D3,H8
8,S5;HA;C2;D9;D8;D7;S2;D2;H3;H2,0,H8,S5,S4
8,C7;D3;CA;SA;S9;SK;S10;SQ;DA;SJ,1,S4,C7,C3
8,C4;HA;C2;D9;D8;D7;S2;D2;H3;H2,0,C3,C4,S5
9,D2;D3;D9;S3;C4;DA;C6;SQ;HA;S2,1,D2,D2,HK
9,HJ;S6;DQ;HQ;H2;D5;CQ;D4;H5;D8,0,HK,HJ,DK
9,C3;D2;D3;D9;S3;C4;DA;C6;HA;S2,1,DK,C3,SQ
9,SQ;S6;DQ;HQ;H2;D5;CQ;D4;H5;D8,0,SQ,SQ,HJ
9,S8;C3;D2;D3;S3;C4;DA;C6;HA;S2,1,HJ,S8,D9
9,C8;S6;DQ;HQ;H2;D5;CQ;D4;H5;D8,0,D9,C8,SQ
9,S4;C3;D2;D3;S3;C4;DA;C6;HA;S2,1,SQ,S4,S8
9,SK;C8;S6;DQ;HQ;H2;D5;CQ;D4;H5,0,S8,SK,D8
9,H9;S4;C3;D2;D3;S3;C4;DA;HA;S2,1,D8,H9,C6
9,CJ;C8;S6;DQ;HQ;H2;D5;CQ;D4;H5,0,C6,CJ,SK
9,H4;S4;C3;D2;D3;S3;C4;DA;HA;S2,1,SK,H4,H9
9,S5;C8;S6;DQ;HQ;H2;D5;CQ;D4;H5,0,H9,S5,CJ
9,D6;H4;S4;C3;D2;D3;S3;DA;HA;S2,1,CJ,D6,C4
9,C2;S5;S6;DQ;HQ;H2;D5;CQ;D4;H5,0,C4,C2,C8
9,D7;H4;S4;C3;D2;D3;S3;DA;HA;S2,1,C8,D7,D6
9,C5;C2;S5;DQ;HQ;H2;D5;CQ;D4;H5,0,D6,C5,S6
9,C7;H4;S4;C3;D2;D3;S3;DA;HA;S2,1,S6,C7,D7
9,CK;C5;C2;S5;DQ;HQ;H2;D5;CQ;H5,0,D7,CK,D4
9,SA;H4;S4;C3;D2;D3;S3;DA;HA;S2,1,D4,SA,C7
9,H7;C5;C2;S5;DQ;HQ;H2;D5;CQ;H5,0,C7,H7,CK
9,S10;SA;S4;C3;D2;D3;S3;DA;HA;S2,1,CK,S10,H4
9,D10;C5;C2;S5;DQ;HQ;H2;D5;CQ;H5,0,H4,D10,H7
9,S7;SA;S4;C3;D2;D3;S3;DA;HA;S2,1,H7,S7,S10
9,S9;C5;C2;S5;DQ;HQ;H2;D5;CQ;H5,0,S10,S9,D10
9,H8;SA;S4;C3;D2;D3;S3;DA;HA;S2,1,D10,H8,S7
9,C9;C5;C2;S5;DQ;HQ;H2;D5;CQ;H5,0,S7,C9,S9
9,CA;SA;S4;C3;D2;D3;S3;DA;HA;S2,1,S9,CA,H8
9,H10;C5;C2;S5;DQ;HQ;H2;D5;CQ;H5,0,H8,H10,C9
9,C10;CA;SA;S4;C3;D2;S3;DA;HA;S2,1,C9,C10,D3
9,H6;C5;C2;S5;DQ;HQ;H2;D5;CQ;H5,0,D3,H6,H10
9,SJ;CA;SA;S4;C3;D2;S3;DA;HA;S2,1,H10,SJ,C10
9,H3;C5;C2;S5;DQ;HQ;H2;D5;CQ;H5,0,C10,H3,H6
9,DJ;CA;SA;S4;C3;D2;S3;DA;HA;S2,1,H6,DJ,SJ
10,D9;C5;S7;S9;C10;DJ;S2;D6;C3;D5,1,HK,D9,CJ
10,D10;H3;H4;HQ;H5;S4;S10;C7;SA;D3,0,CJ,D10,CK
10,H6;D9;C5;S7;S9;C10;S2;D6;C3;D5,1,CK,H6,DJ
10,D4;D10;H3;H4;H5;S4;S10;C7;SA;D3,0,DJ,D4,HQ
10,DA;H6;D9;C5;S7;S9;S2;D6;C3;D5,1,HQ,DA,C10
10,S6;D4;D10;H3;H4;H5;S4;C7;SA;D3,0,C10,S6,S10
10,H2;DA;H6;D9;C5;S7;S2;D6;C3;D5,1,S10,H2,S9
10,HJ;S6;D4;H3;H4;H5;S4;C7;SA;D3,0,S9,HJ,D10
10,D8;H2;DA;H6;C5;S7;S2;D6;C3;D5,1,D10,D8,D9
10,HA;S6;D4;H3;H4;H5;S4;C7;SA;D3,0,D9,HA,HJ
10,C2;H2;DA;H6;C5;S7;S2;D6;C3;D5,1,HJ,C2,D8
10,S5;HA;S6;D4;H3;H4;H5;S4;SA;D3,0,D8,S5,C7
10,C4;C2;H2;DA;H6;C5;S2;D6;C3;D5,1,C7,C4,S7
10,S7;S5;HA;S6;H3;H4;H5;S4;SA;D3,0,S7,S7,D4
10,H9;C4;C2;H2;DA;H6;C5;S2;C3;D5,1,D4,H9,D6
10,H8;S7;S5;HA;S6;H3;H4;H5;S4;SA,0,D6,H8,D3
10,C6;C4;C2;H2;DA;H6;C5;S2;C3;D5,1,D3,C6,H9
10,H10;S7;S5;HA;S6;H3;H4;H5;S4;SA,0,H9,H10,H8
10,S8;C6;C4;C2;H2;DA;C5;S2;C3;D5,1,H8,S8,H6
10,S3;S7;S5;HA;S6;H3;H4;H5;S4;SA,0,H6,S3,H10
10,H7;C6;C4;C2;H2;DA;C5;S2;C3;D5,1,H10,H7,S8
10,D7;S7;S5;HA;S6;H3;H4;H5;S4;SA,0,S8,D7,S3
10,C9;C6;C4;C2;H2;DA;C5;S2;C3;D5,1,S3,C9,H7
10,SK;S7;S5;HA;S6;H3;H4;H5;S4;SA,0,H7,SK,D7
10,SQ;C6;C4;C2;H2;DA;C5;S2;C3;D5,1,D7,SQ,C9
10,C8;S7;S5;HA;S6;H3;H4;H5;S4;SA,0,C9,C8,SK
10,DQ;C6;C4;C2;H2;DA;C5;S2;C3;D5,1,SK,DQ,SQ
10,CA;S7;S5;HA;S6;H3;H4;H5;S4;SA,0,SQ,CA,C8
10,DK;C6;C4;C2;H2;DA;C5;S2;C3;D5,1,C8,DK,DQ
10,SJ;CA;S5;HA;S6;H3;H4;H5;S4;SA,0,DQ,SJ,S7
10,D2;C6;C4;C2;H2;DA;C5;S2;C3;D5,1,S7,D2,DK
10,CQ;CA;S5;HA;S6;H3;H4;H5;S4;SA,0,DK,CQ,SJ
11,S7;DJ;H3;D6;D5;D10;H5;DQ;S3;H7,0,H10,S7,CK
11,C9;C4;C6;SQ;S10;DK;D2;H8;H6;S6,1,CK,C9,CJ
11,SJ;S7;DJ;H3;D6;D5;D10;H5;DQ;S3,0,CJ,SJ,H7
11,S9;C9;C4;C6;SQ;S10;D2;H8;H6;S6,1,H7,S9,DK
11,DK;S7;DJ;H3;D6;D5;D10;H5;DQ;S3,0,DK,DK,SJ
11,SJ;S9;C9;C4;C6;SQ;D2;H8;H6;S6,1,SJ,SJ,S10
11,C7;DK;S7;DJ;H3;D6;D5;H5;DQ;S3,0,S10,C7,D10
11,CA;SJ;S9;C9;C4;C6;D2;H8;H6;S6,1,D10,CA,SQ
11,D9;C7;DK;DJ;H3;D6;D5;H5;DQ;S3,0,SQ,D9,S7
11,CQ;CA;S9;C9;C4;C6;D2;H8;H6;S6,1,S7,CQ,SJ
11,DA;C7;DK;DJ;H3;D6;D5;H5;DQ;S3,0,SJ,DA,D9
11,D9;CA;S9;C9;C4;C6;D2;H8;H6;S6,1,D9,D9,CQ
11,C5;DA;DK;DJ;H3;D6;D5;H5;DQ;S3,0,CQ,C5,C7
11,HJ;D9;CA;S9;C9;C4;C6;D2;H6;S6,1,C7,HJ,H8
11,SK;C5;DA;DK;DJ;H3;D5;H5;DQ;S3,0,H8,SK,D6
11,S8;D9;CA;S9;C9;C4;C6;D2;H6;S6,1,D6,S8,HJ
11,HA;C5;DA;DK;DJ;H3;D5;H5;DQ;S3,0,HJ,HA,SK
11,C10;D9;CA;S9;C9;C4;C6;D2;H6;S6,1,SK,C10,S8
11,S2;HA;C5;DA;DK;DJ;H3;D5;H5;DQ,0,S8,S2,S3
11,D4;D9;CA;S9;C9;C4;C6;D2;H6;S6,1,S3,D4,C10
11,D3;S2;HA;C5;DA;DK;DJ;D5;H5;DQ,0,C10,D3,H3
11,C3;D4;D9;CA;S9;C9;C6;D2;H6;S6,1,H3,C3,C4
11,S4;S2;HA;C5;DA;DK;DJ;D5;H5;DQ,0,C4,S4,D3
11,D3;C3;D9;CA;S9;C9;C6;D2;H6;S6,1,D3,D3,D4
11,C8;S2;HA;C5;DA;DK;DJ;D5;H5;DQ,0,D4,C8,S4
11,S5;D3;D9;CA;S9;C9;C6;D2;H6;S6,1,S4,S5,C3
11,H2;S2;HA;C5;DA;DK;DJ;D5;H5;DQ,0,C3,H2,C8
11,HK;D3;D9;CA;S9;C9;C6;D2;H6;S6,1,C8,HK,S5
11,S5;H2;HA;C5;DA;DK;DJ;D5;H5;DQ,0,S5,S5,S2
11,D8;D3;D9;CA;S9;C9;C6;D2;H6;S6,1,S2,D8,HK
11,D7;S5;HA;C5;DA;DK;DJ;D5;H5;DQ,0,HK,D7,H2
11,HQ;D3;D9;CA;S9;C9;C6;D2;H6;S6,1,H2,HQ,D8
11,H9;S5;HA;C5;DA;DK;DJ;D5;H5;DQ,0,D8,H9,D7
11,C2;D3;D9;CA;S9;C9;C6;D2;H6;S6,1,D7,C2,HQ
11,H4;S5;HA;C5;DA;DK;DJ;D5;H5;DQ,0,HQ,H4,H9
11,SA;C2;D9;CA;S9;C9;C6;D2;H6;S6,1,H9,SA,D3
12,D6;S4;H6;DJ;H3;H2;H9;CJ;H10;D9,0,D4,D6,SQ
12,SQ;C9;D5;C7;C10;SK;C8;DQ;S8;HQ,1,SQ,SQ,HJ
12,HJ;D6;S4;H6;DJ;H3;H2;H9;H10;D9,0,HJ,HJ,CJ
12,CJ;SQ;C9;D5;C7;C10;C8;DQ;S8;HQ,1,CJ,CJ,SK
12,S7;HJ;D6;S4;H6;H3;H2;H9;H10;D9,0,SK,S7,DJ
12,CK;CJ;SQ;C9;D5;C7;C10;C8;DQ;HQ,1,DJ,CK,S8
12,C3;S7;HJ;D6;S4;H6;H3;H2;H9;H10,0,S8,C3,D9
12,H8;CJ;SQ;C9;D5;C7;C10;C8;DQ;HQ,1,D9,H8,CK
12,C2;C3;HJ;D6;S4;H6;H3;H2;H9;H10,0,CK,C2,S7
12,DA;CJ;SQ;C9;D5;C7;C10;C8;DQ;HQ,1,S7,DA,H8
12,H8;C2;C3;HJ;D6;S4;H3;H2;H9;H10,0,H8,H8,H6
12,HK;DA;CJ;SQ;C9;C7;C10;C8;DQ;HQ,1,H6,HK,D5
12,CA;C2;C3;HJ;D6;S4;H3;H2;H9;H10,0,D5,CA,H8
12,S9;DA;CJ;SQ;C9;C7;C10;C8;DQ;HQ,1,H8,S9,HK
12,H4;CA;C2;C3;HJ;S4;H3;H2;H9;H10,0,HK,H4,D6
12,H5;DA;CJ;SQ;C9;C7;C10;C8;DQ;HQ,1,D6,H5,S9
12,HA;H4;CA;C2;C3;HJ;H3;H2;H9;H10,0,S9,HA,S4
12,S10;DA;CJ;SQ;C9;C7;C10;C8;DQ;HQ,1,S4,S10,H5
12,H5;HA;H4;CA;C2;C3;H3;H2;H9;H10,0,H5,H5,HJ
12,SA;DA;CJ;SQ;C9;C7;C10;C8;DQ;HQ,1,HJ,SA,S10
12,CQ;H5;HA;H4;CA;C2;C3;H3;H2;H9,0,S10,CQ,H10
12,D7;SA;CJ;SQ;C9;C7;C10;C8;DQ;HQ,1,H10,D7,DA
12,D10;H5;HA;H4;CA;C2;C3;H3;H2;H9,0,DA,D10,CQ
12,CQ;SA;CJ;SQ;C9;C7;C10;C8;DQ;HQ,1,CQ,CQ,D7
12,H7;H5;HA;H4;CA;C2;C3;H3;H2;H9,0,D7,H7,D10
12,S5;CQ;CJ;SQ;C9;C7;C10;C8;DQ;HQ,1,D10,S5,SA
12,DK;H7;H5;HA;H4;CA;C2;C3;H3;H2,0,SA,DK,H9
12,S6;CQ;CJ;SQ;C9;C7;C10;C8;DQ;HQ,1,H9,S6,S5
12,S3;H7;H5;HA;H4;CA;C2;C3;H3;H2,0,S5,S3,DK
12,D3;CQ;CJ;SQ;C9;C7;C10;C8;DQ;HQ,1,DK,D3,S6
12,C6;S3;H5;HA;H4;CA;C2;C3;H3;H2,0,S6,C6,H7
12,C4;CQ;CJ;SQ;C9;C7;C10;C8;DQ;HQ,1,H7,C4,D3
12,D2;S3;H5;HA;H4;CA;C2;C3;H3;H2,0,D3,D2,C6
12,S2;CQ;CJ;SQ;C9;C7;C10;C8;DQ;HQ,1,C6,S2,C4
12,D8;D2;S3;H5;HA;H4;CA;C2;H3;H2,0,C4,D8,C3
12,C5;CQ;CJ;SQ;C9;C7;C10;C8;DQ;HQ,1,C3,C5,S2
12,SJ;D2;S3;H5;HA;H4;CA;C2;H3;H2,0,S2,SJ,D8
13,H2;S4;SK;D10;D8;S2;C7;C2;S9;SA,1,H2,H2,DK
13,D7;DA;D2;H9;S5;HJ;H6;CJ;S10;D5,0,DK,D7,HK
13,C9;H2;S4;SK;D8;S2;C7;C2;S9;SA,1,HK,C9,D10
13,SJ;D7;DA;D2;H9;S5;HJ;H6;S10;D5,0,D10,SJ,CJ
13,H5;C9;H2;S4;D8;S2;C7;C2;S9;SA,1,CJ,H5,SK
13,CA;SJ;D7;DA;D2;H9;S5;H6;S10;D5,0,SK,CA,HJ
13,CQ;H5;C9;H2;S4;D8;S2;C7;C2;SA,1,HJ,CQ,S9
13,S9;CA;D7;DA;D2;H9;S5;H6;S10;D5,0,S9,S9,SJ
13,C5;H5;C9;H2;S4;D8;S2;C7;C2;SA,1,SJ,C5,CQ
13,DJ;S9;CA;D7;DA;D2;H9;S5;H6;D5,0,CQ,DJ,S10
13,HA;C5;H5;H2;S4;D8;S2;C7;C2;SA,1,S10,HA,C9
13,C9;S9;CA;D7;DA;D2;H9;S5;H6;D5,0,C9,C9,DJ
13,D4;HA;C5;H5;H2;S4;S2;C7;C2;SA,1,DJ,D4,D8
13,C10;C9;S9;CA;DA;D2;H9;S5;H6;D5,0,D8,C10,D7
13,S3;D4;HA;C5;H5;H2;S4;S2;C2;SA,1,D7,S3,C7
13,H8;C9;S9;CA;DA;D2;H9;S5;H6;D5,0,C7,H8,C10
13,S8;S3;D4;HA;C5;H2;S4;S2;C2;SA,1,C10,S8,H5
13,C6;C9;S9;CA;DA;D2;H9;S5;H6;D5,0,H5,C6,H8
13,H4;S3;D4;HA;C5;H2;S4;S2;C2;SA,1,H8,H4,S8
13,H10;C6;C9;S9;CA;DA;D2;H9;S5;D5,0,S8,H10,H6
13,SQ;H4;S3;D4;HA;H2;S4;S2;C2;SA,1,H6,SQ,C5
13,C8;C6;C9;S9;CA;DA;D2;H9;S5;D5,0,C5,C8,H10
13,D6;H4;S3;D4;HA;H2;S4;S2;C2;SA,1,H10,D6,SQ
13,DQ;C6;C9;S9;CA;DA;D2;H9;S5;D5,0,SQ,DQ,C8
13,D9;H4;S3;D4;HA;H2;S4;S2;C2;SA,1,C8,D9,D6
13,S7;C6;C9;S9;CA;DA;D2;H9;S5;D5,0,D6,S7,DQ
13,S6;H4;S3;D4;HA;H2;S4;S2;C2;SA,1,DQ,S6,D9
13,D9;C6;C9;S9;CA;DA;D2;H9;S5;D5,0,D9,D9,S7
13,HQ;H4;S3;D4;HA;H2;S4;S2;C2;SA,1,S7,HQ,S6
13,H3;D9;C6;C9;CA;DA;D2;H9;S5;D5,0,S6,H3,S9
13,CK;H4;S3;D4;HA;H2;S4;S2;C2;SA,1,S9,CK,HQ
13,H7;H3;D9;C9;CA;DA;D2;H9;S5;D5,0,HQ,H7,C6
13,D3;H4;S3;D4;HA;H2;S4;S2;C2;SA,1,C6,D3,CK
13,C4;H3;D9;C9;CA;DA;D2;H9;S5;D5,0,CK,C4,H7
13,C3;D3;H4;S3;HA;H2;S4;S2;C2;SA,1,H7,C3,D4
14,HK;S9;S4;HJ;H10;D3;C8;H2;H4;CQ,0,S8,HK,SK
14,HA;D9;C9;D8;CJ;H3;C6;D10;H6;S2,1,SK,HA,SQ
14,CA;S9;S4;HJ;H10;D3;C8;H2;H4;CQ,0,SQ,CA,HK
14,C4;HA;D9;C9;D8;H3;C6;D10;H6;S2,1,HK,C4,CJ
14,S10;CA;S9;S4;HJ;H10;D3;C8;H2;H4,0,CJ,S10,CQ
14,S6;C4;HA;D9;D8;H3;C6;D10;H6;S2,1,CQ,S6,C9
14,D5;S10;CA;S9;S4;H10;D3;C8;H2;H4,0,C9,D5,HJ
14,DA;S6;HA;D9;D8;H3;C6;D10;H6;S2,1,HJ,DA,C4
14,C4;D5;S10;CA;S9;S4;D3;C8;H2;H4,0,C4,C4,H10
14,H5;DA;S6;HA;D9;D8;C6;D10;H6;S2,1,H10,H5,H3
14,D4;C4;D5;CA;S9;S4;D3;C8;H2;H4,0,H3,D4,S10
14,DJ;DA;S6;HA;D9;D8;C6;D10;H6;S2,1,S10,DJ,H5
14,SJ;D4;C4;D5;CA;S4;D3;C8;H2;H4,0,H5,SJ,S9
14,C10;DJ;DA;S6;HA;D9;D8;C6;D10;H6,1,S9,C10,S2
14,D2;D4;C4;D5;CA;S4;D3;C8;H2;H4,0,S2,D2,SJ
14,C3;DJ;DA;S6;HA;D9;D8;C6;D10;H6,1,SJ,C3,C10
14,CK;D2;D4;C4;D5;CA;S4;D3;H2;H4,0,C10,CK,C8
14,DK;DJ;DA;S6;HA;D9;D8;C6;D10;H6,1,C8,DK,C3
14,DQ;D2;D4;C4;D5;CA;S4;D3;H2;H4,0,C3,DQ,CK
14,C7;DJ;DA;S6;HA;D9;D8;C6;D10;H6,1,CK,C7,DK
14,C2;D2;D4;C4;D5;CA;S4;D3;H2;H4,0,DK,C2,DQ
14,DQ;DJ;DA;S6;HA;D9;D8;C6;D10;H6,1,DQ,DQ,C7
14,H9;C2;D2;D4;C4;D5;S4;D3;H2;H4,0,C7,H9,CA
14,CA;DQ;DJ;DA;S6;D9;D8;C6;D10;H6,1,CA,CA,HA
14,H8;C2;D2;D4;C4;D5;S4;D3;H2;H4,0,HA,H8,H9
14,C5;CA;DQ;DJ;S6;D9;D8;C6;D10;H6,1,H9,C5,DA
14,DA;C2;D2;D4;C4;D5;S4;D3;H2;H4,0,DA,DA,H8
14,H7;CA;DQ;DJ;S6;D9;D8;C6;D10;H6,1,H8,H7,C5
14,HQ;C2;D2;D4;C4;D5;S4;D3;H2;H4,0,C5,HQ,DA
14,S7;CA;DQ;DJ;S6;D9;D8;C6;D10;H6,1,DA,S7,H7
14,S3;C2;D2;D4;C4;D5;S4;D3;H2;H4,0,H7,S3,HQ
14,S5;CA;DQ;DJ;S6;D9;D8;C6;D10;H6,1,HQ,S5,S7
14,D6;C2;D2;D4;C4;D5;S4;D3;H2;H4,0,S7,D6,S3
14,D7;CA;DQ;DJ;S6;D9;D8;C6;D10;H6,1,S3,D7,S5
14,SA;D6;C2;D2;D4;C4;D5;S4;H2;H4,0,S5,SA,D3
15,H8;SQ;C5;D10;DJ;C9;DQ;S3;D3;HA,1,H2,H8,C10
15,CQ;C8;H7;CJ;C6;H4;C7;D4;C2;HQ,0,C10,CQ,HK
15,CK;H8;C5;D10;DJ;C9;DQ;S3;D3;HA,1,HK,CK,SQ
15,CA;CQ;C8;H7;CJ;C6;H4;C7;D4;C2,0,SQ,CA,HQ
15,D2;H8;C5;D10;DJ;C9;DQ;S3;D3;HA,1,HQ,D2,CK
15,D5;CA;C8;H7;CJ;C6;H4;C7;D4;C2,0,CK,D5,CQ
15,H5;D2;H8;C5;D10;DJ;DQ;S3;D3;HA,1,CQ,H5,C9
15,C9;D5;CA;C8;H7;C6;H4;C7;D4;C2,0,C9,C9,CJ
15,HJ;H5;D2;C5;D10;DJ;DQ;S3;D3;HA,1,CJ,HJ,H8
15,SJ;C9;D5;CA;C8;C6;H4;C7;D4;C2,0,H8,SJ,H7
15,D9;H5;D2;C5;D10;DJ;DQ;S3;D3;HA,1,H7,D9,HJ
15,D8;C9;D5;CA;C8;C6;H4;C7;D4;C2,0,HJ,D8,SJ
15,C3;D9;H5;D2;D10;DJ;DQ;S3;D3;HA,1,SJ,C3,C5
15,C5;C9;D5;CA;C8;C6;H4;C7;D4;C2,0,C5,C5,D8
15,D8;C3;D9;D2;D10;DJ;DQ;S3;D3;HA,1,D8,D8,H5
15,H6;C5;C9;D5;CA;C8;H4;C7;D4;C2,0,H5,H6,C6
15,H3;D8;C3;D9;D10;DJ;DQ;S3;D3;HA,1,C6,H3,D2
15,S4;C5;C9;D5;CA;C8;H4;C7;D4;C2,0,D2,S4,H6
15,H9;H3;D8;C3;D9;D10;DJ;DQ;S3;D3,1,H6,H9,HA
15,SK;S4;C5;C9;CA;C8;H4;C7;D4;C2,0,HA,SK,D5
15,S8;H3;D8;C3;D9;D10;DJ;DQ;S3;D3,1,D5,S8,H9
15,S2;S4;C5;C9;CA;C8;H4;C7;D4;C2,0,H9,S2,SK
15,DK;H3;D8;C3;D9;D10;DJ;DQ;S3;D3,1,SK,DK,S8
15,S6;S2;S4;C9;CA;C8;H4;C7;D4;C2,0,S8,S6,C5
15,S5;H3;D8;C3;D9;D10;DJ;DQ;S3;D3,1,C5,S5,DK
15,D7;S2;S4;C9;CA;C8;H4;C7;D4;C2,0,DK,D7,S6
15,H10;H3;D8;C3;D9;D10;DJ;DQ;S3;D3,1,S6,H10,S5
15,SA;S2;S4;C9;CA;C8;H4;C7;D4;C2,0,S5,SA,D7
15,S7;H3;D8;C3;D9;D10;DJ;DQ;S3;D3,1,D7,S7,H10
15,D6;SA;S2;S4;C9;CA;C8;H4;C7;D4,0,H10,D6,C2
15,C4;H3;D8;C3;D9;D10;DJ;DQ;S3;D3,1,C2,C4,S7
15,DA;SA;S2;S4;C9;CA;C8;H4;C7;D4,0,S7,DA,D6
15,S9;H3;D8;C3;D9;D10;DJ;DQ;S3;D3,1,D6,S9,C4
15,C4;DA;SA;S4;C9;CA;C8;H4;C7;D4,0,C4,C4,S2
15,S10;H3;D8;C3;D9;D10;DJ;DQ;S3;D3,1,S2,S10,S9
16,HK;S9;DA;H6;HA;S6;D2;C10;H9;C8,0,S4,HK,H10
16,SA;DQ;HJ;SJ;C9;C6;D5;C3;C7;H2,1,H10,SA,DK
16,S2;S9;DA;H6;HA;S6;D2;C10;H9;C8,0,DK,S2,HK
16,SQ;SA;DQ;HJ;C9;C6;D5;C3;C7;H2,1,HK,SQ,SJ
16,C5;S2;S9;DA;H6;HA;S6;D2;H9;C8,0,SJ,C5,C10
16,H7;SQ;SA;DQ;C9;C6;D5;C3;C7;H2,1,C10,H7,HJ
16,H4;C5;S2;S9;DA;H6;HA;S6;D2;C8,0,HJ,H4,H9
16,S7;H7;SQ;SA;C9;C6;D5;C3;C7;H2,1,H9,S7,DQ
16,C2;H4;C5;S2;DA;H6;HA;S6;D2;C8,0,DQ,C2,S9
16,DJ;S7;H7;SA;C9;C6;D5;C3;C7;H2,1,S9,DJ,SQ
16,SK;C2;H4;C5;S2;DA;H6;HA;S6;D2,0,SQ,SK,C8
16,C8;S7;H7;SA;C9;C6;D5;C3;C7;H2,1,C8,C8,DJ
16,D6;C2;H4;C5;S2;DA;H6;HA;S6;D2,0,DJ,D6,SK
16,CQ;C8;S7;SA;C9;C6;D5;C3;C7;H2,1,SK,CQ,H7
16,D4;D6;C2;H4;S2;DA;H6;HA;S6;D2,0,H7,D4,C5
16,C5;C8;S7;SA;C9;C6;D5;C3;C7;H2,1,C5,C5,CQ
16,C4;D4;D6;C2;S2;DA;H6;HA;S6;D2,0,CQ,C4,H4
16,CK;C5;C8;SA;C9;C6;D5;C3;C7;H2,1,H4,CK,S7
16,D3;C4;D6;C2;S2;DA;H6;HA;S6;D2,0,S7,D3,D4
16,D10;C5;C8;SA;C9;C6;D5;C3;C7;H2,1,D4,D10,CK
16,HQ;D3;D6;C2;S2;DA;H6;HA;S6;D2,0,CK,HQ,C4
16,H3;C5;C8;SA;C9;C6;D5;C3;C7;H2,1,C4,H3,D10
16,D9;D3;D6;C2;S2;DA;H6;HA;S6;D2,0,D10,D9,HQ
16,H5;H3;C5;C8;SA;C9;C6;C3;C7;H2,1,HQ,H5,D5
16,D8;D3;D6;C2;S2;DA;H6;HA;S6;D2,0,D5,D8,D9
16,CJ;H3;C5;C8;SA;C9;C6;C3;C7;H2,1,D9,CJ,H5
16,CA;D3;D6;C2;S2;DA;H6;HA;S6;D2,0,H5,CA,D8
16,S3;H3;C5;C8;SA;C9;C6;C3;C7;H2,1,D8,S3,CJ
16,S5;CA;D6;C2;S2;DA;H6;HA;S6;D2,0,CJ,S5,D3
16,D3;S3;H3;C5;C8;SA;C9;C6;C3;C7,1,D3,D3,H2
16,H2;CA;D6;C2;S2;DA;H6;HA;S6;D2,0,H2,H2,S5
16,S8;D3;S3;H3;C5;C8;C9;C6;C3;C7,1,S5,S8,SA
16,S10;H2;CA;D6;C2;DA;H6;HA;S6;D2,0,SA,S10,S2
16,D7;D3;S3;H3;C5;C8;C9;C6;C3;C7,1,S2,D7,S8
16,H8;H2;CA;D6;C2;DA;H6;HA;S6;D2,0,S8,H8,S10
17,S8;S7;C10;D8;H4;HQ;S4;D5;H5;H9,1,SK,S8,D10
17,DJ;DQ;D9;D6;SA;H7;C6;CA;C9;D2,0,D10,DJ,CK
17,C8;S8;S7;C10;D8;H4;S4;D5;H5;H9,1,CK,C8,HQ
17,S2;DJ;D9;D6;SA;H7;C6;CA;C9;D2,0,HQ,S2,DQ
17,HK;C8;S8;S7;D8;H4;S4;D5;H5;H9,1,DQ,HK,C10
17,DK;S2;D9;D6;SA;H7;C6;CA;C9;D2,0,C10,DK,DJ
17,DA;C8;S8;S7;D8;H4;S4;D5;H5;H9,1,DJ,DA,HK
17,D4;S2;D9;D6;SA;H7;C6;CA;C9;D2,0,HK,D4,DK
17,HJ;DA;C8;S8;S7;D8;H4;S4;D5;H5,1,DK,HJ,H9
17,H9;D4;S2;D9;D6;SA;H7;C6;CA;D2,0,H9,H9,C9
17,C4;DA;C8;S8;S7;D8;H4;S4;D5;H5,1,C9,C4,HJ
17,H2;H9;D4;S2;D6;SA;H7;C6;CA;D2,0,HJ,H2,D9
17,C2;C4;DA;C8;S8;D8;H4;S4;D5;H5,1,D9,C2,S7
17,SJ;H2;D4;S2;D6;SA;H7;C6;CA;D2,0,S7,SJ,H9
17,H3;C2;C4;DA;C8;S8;D8;H4;S4;D5,1,H9,H3,H5
17,S5;H2;D4;S2;D6;SA;H7;C6;CA;D2,0,H5,S5,SJ
17,C7;H3;C2;C4;DA;C8;S8;D8;H4;S4,1,SJ,C7,D5
17,S10;S5;H2;D4;S2;D6;SA;C6;CA;D2,0,D5,S10,H7
17,SQ;H3;C2;C4;DA;C8;S8;D8;H4;S4,1,H7,SQ,C7
17,C3;S5;H2;D4;S2;D6;SA;C6;CA;D2,0,C7,C3,S10
17,D7;H3;C2;C4;DA;C8;S8;D8;H4;S4,1,S10,D7,SQ
17,S3;C3;S5;H2;D4;S2;D6;SA;CA;D2,0,SQ,S3,C6
17,H8;H3;C2;C4;DA;C8;S8;D8;H4;S4,1,C6,H8,D7
17,HA;S3;C3;S5;H2;D4;S2;SA;CA;D2,0,D7,HA,D6
17,CQ;H8;H3;C2;C4;DA;C8;S8;D8;H4,1,D6,CQ,S4
17,S4;HA;S3;C3;H2;D4;S2;SA;CA;D2,0,S4,S4,S5
17,H10;H8;H3;C2;C4;DA;C8;S8;D8;H4,1,S5,H10,CQ
17,S6;S4;HA;S3;C3;H2;S2;SA;CA;D2,0,CQ,S6,D4
17,H6;H8;H3;C2;C4;DA;C8;S8;D8;H4,1,D4,H6,H10
17,CJ;S4;HA;S3;C3;H2;S2;SA;CA;D2,0,H10,CJ,S6
17,C5;H8;H3;C2;C4;DA;C8;S8;D8;H4,1,S6,C5,H6
17,S9;S4;HA;S3;C3;H2;S2;SA;CA;D2,0,H6,S9,CJ
17,D3;H8;H3;C2;C4;DA;C8;S8;D8;H4,1,CJ,D3,C5
18,S4;C4;H7;DK;C7;C6;C9;H4;C5;C8,1,H3,S4,SJ
18,S9;H2;D7;S7;C2;H8;CA;CQ;D6;CJ,0,SJ,S9,HK
18,DQ;S4;C4;H7;C7;C6;C9;H4;C5;C8,1,HK,DQ,DK
18,H6;S9;H2;D7;S7;C2;H8;CA;D6;CJ,0,DK,H6,CQ
18,DJ;S4;C4;H7;C7;C6;C9;H4;C5;C8,1,CQ,DJ,DQ
18,S2;H6;S9;H2;D7;S7;C2;H8;CA;D6,0,DQ,S2,CJ
18,D8;S4;C4;H7;C7;C6;C9;H4;C5;C8,1,CJ,D8,DJ
18,S6;S2;H6;H2;D7;S7;C2;H8;CA;D6,0,DJ,S6,S9
18,D10;D8;S4;C4;H7;C7;C6;H4;C5;C8,1,S9,D10,C9
18,S5;S6;S2;H6;H2;D7;S7;C2;CA;D6,0,C9,S5,H8
18,S10;D8;S4;C4;H7;C7;C6;H4;C5;C8,1,H8,S10,D10
18,HJ;S5;S6;S2;H6;H2;D7;C2;CA;D6,0,D10,HJ,S7
18,D5;D8;S4;C4;H7;C7;C6;H4;C5;C8,1,S7,D5,S10
18,S8;S5;S6;S2;H6;H2;D7;C2;CA;D6,0,S10,S8,HJ
18,CK;D5;S4;C4;H7;C7;C6;H4;C5;C8,1,HJ,CK,D8
18,HQ;S5;S6;S2;H6;H2;D7;C2;CA;D6,0,D8,HQ,S8
18,H9;D5;S4;C4;H7;C7;C6;H4;C5;C8,1,S8,H9,CK
18,D9;S5;S6;S2;H6;H2;D7;C2;CA;D6,0,CK,D9,HQ
18,DA;D5;S4;C4;H7;C7;C6;H4;C5;C8,1,HQ,DA,H9
18,SK;S5;S6;S2;H6;H2;D7;C2;CA;D6,0,H9,SK,D9
18,C10;DA;D5;S4;C4;C7;C6;H4;C5;C8,1,D9,C10,H7
18,SA;S5;S6;S2;H6;H2;D7;C2;CA;D6,0,H7,SA,SK
18,S3;DA;D5;S4;C4;C7;C6;H4;C5;C8,1,SK,S3,C10
18,D3;SA;S5;S6;S2;H6;H2;C2;CA;D6,0,C10,D3,D7
18,SQ;S3;DA;S4;C4;C7;C6;H4;C5;C8,1,D7,SQ,D5
18,D4;D3;SA;S6;S2;H6;H2;C2;CA;D6,0,D5,D4,S5
18,H5;S3;DA;S4;C4;C7;C6;H4;C5;C8,1,S5,H5,SQ
18,HA;D3;SA;S6;S2;H6;H2;C2;CA;D6,0,SQ,HA,D4
18,D4;S3;DA;S4;C4;C7;C6;H4;C5;C8,1,D4,D4,H5
18,H10;HA;SA;S6;S2;H6;H2;C2;CA;D6,0,H5,H10,D3
18,D2;D4;DA;S4;C4;C7;C6;H4;C5;C8,1,D3,D2,S3
18,C3;HA;SA;S6;S2;H6;H2;C2;CA;D6,0,S3,C3,H10
