1,C2;S7;S8;D10;D5;D4;CK;C5;S10;CJ,0,C2,C2,H3
1,D9;D8;HA;H7;H4;C3;S2;S4;C7;D2,1,H3,D9,CQ
1,CQ;C2;S7;S8;D5;D4;CK;C5;S10;CJ,0,CQ,CQ,D10
1,D10;D8;HA;H7;H4;C3;S2;S4;C7;D2,1,D10,D10,D9
1,H6;CQ;C2;S7;S8;D4;CK;C5;S10;CJ,0,D9,H6,D5
1,D6;D8;HA;H7;H4;C3;S2;S4;C7;D2,1,D5,D6,D10
1,D10;CQ;C2;S7;S8;D4;CK;C5;S10;CJ,0,D10,D10,H6
1,S5;D6;HA;H7;H4;C3;S2;S4;C7;D2,1,H6,S5,D8
1,D8;CQ;C2;S7;S8;D4;CK;C5;S10;CJ,0,D8,D8,D10
1,S9;S5;D6;HA;H7;H4;C3;S2;S4;D2,1,D10,S9,C7
1,C7;CQ;C2;S7;S8;D4;CK;C5;S10;CJ,0,C7,C7,D8
1,C6;S5;D6;HA;H7;H4;C3;S2;S4;D2,1,D8,C6,S9
1,S9;C7;CQ;C2;S7;S8;CK;C5;S10;CJ,0,S9,S9,D4
1,D4;C6;S5;D6;HA;H4;C3;S2;S4;D2,1,D4,D4,H7
1,H7;S9;CQ;C2;S7;S8;CK;C5;S10;CJ,0,H7,H7,C7
1,HJ;D4;C6;S5;HA;H4;C3;S2;S4;D2,1,C7,HJ,D6
1,D6;S9;CQ;C2;S7;S8;CK;C5;S10;CJ,0,D6,D6,H7
1,CA;D4;C6;S5;HA;H4;C3;S2;S4;D2,1,H7,CA,HJ
1,DA;S9;CQ;C2;S7;S8;CK;C5;S10;CJ,0,HJ,DA,D6
1,DQ;CA;D4;S5;HA;H4;C3;S2;S4;D2,1,D6,DQ,C6
1,DK;S9;CQ;C2;S7;S8;CK;C5;S10;CJ,0,C6,DK,DA
1,DA;CA;D4;S5;HA;H4;C3;S2;S4;D2,1,DA,DA,DQ
1,DQ;S9;CQ;C2;S7;S8;CK;C5;S10;CJ,0,DQ,DQ,DK
1,D7;DA;CA;D4;HA;H4;C3;S2;S4;D2,1,DK,D7,S5
1,S5;S9;CQ;C2;S7;S8;CK;C5;S10;CJ,0,S5,S5,DQ
1,C10;DA;CA;D4;HA;H4;C3;S2;S4;D2,1,DQ,C10,D7
1,H9;S5;S9;CQ;C2;S7;S8;CK;S10;CJ,0,D7,H9,C5
1,HK;DA;CA;D4;HA;H4;C3;S2;S4;D2,1,C5,HK,C10
1,C10;S5;S9;CQ;C2;S7;S8;CK;S10;CJ,0,C10,C10,H9
1,S6;DA;CA;D4;HA;H4;C3;S2;S4;D2,1,H9,S6,HK
1,C9;C10;S5;S9;CQ;S7;S8;CK;S10;CJ,0,HK,C9,C2
2,S7;DK;C9;H9;S2;S9;C3;S4;H4;HA,0,DQ,S7,H10
2,S8;S5;CK;S6;CQ;H5;D2;D10;C8;C2,1,H10,S8,SJ
2,S10;S7;DK;C9;H9;S2;S9;C3;S4;HA,0,SJ,S10,H4
2,C10;S8;S5;CK;S6;CQ;H5;D2;C8;C2,1,H4,C10,D10
2,D10;S10;S7;DK;C9;H9;S2;S9;C3;S4,0,D10,D10,HA
2,H6;C10;S8;S5;CK;S6;H5;D2;C8;C2,1,HA,H6,CQ
2,CQ;D10;S10;S7;C9;H9;S2;S9;C3;S4,0,CQ,CQ,DK
2,HK;H6;C10;S8;S5;S6;H5;D2;C8;C2,1,DK,HK,CK
2,C4;CQ;S10;S7;C9;H9;S2;S9;C3;S4,0,CK,C4,D10
2,H8;HK;H6;S8;S5;S6;H5;D2;C8;C2,1,D10,H8,C10
2,C10;C4;S10;S7;C9;H9;S2;S9;C3;S4,0,C10,C10,CQ
2,H2;H8;H6;S8;S5;S6;H5;D2;C8;C2,1,CQ,H2,HK
2,SK;C4;S10;S7;C9;H9;S2;S9;C3;S4,0,HK,SK,C10
2,CJ;H2;H8;H6;S8;S5;H5;D2;C8;C2,1,C10,CJ,S6
2,C5;C4;S10;S7;C9;H9;S2;S9;C3;S4,0,S6,C5,SK
2,D8;H2;H8;H6;S8;S5;H5;D2;C8;C2,1,SK,D8,CJ
2,HJ;C5;C4;S7;C9;H9;S2;S9;C3;S4,0,CJ,HJ,S10
2,D4;D8;H2;H8;S8;S5;H5;D2;C8;C2,1,S10,D4,H6
2,H6;C5;C4;S7;C9;H9;S2;S9;C3;S4,0,H6,H6,HJ
2,DA;D4;D8;H2;H8;S8;S5;D2;C8;C2,1,HJ,DA,H5
2,H5;C5;C4;S7;C9;H9;S2;S9;C3;S4,0,H5,H5,H6
2,SA;DA;D4;D8;H2;H8;S8;D2;C8;C2,1,H6,SA,S5
2,S5;C5;C4;S7;C9;H9;S2;S9;C3;S4,0,S5,S5,H5
2,C6;SA;DA;D8;H2;H8;S8;D2;C8;C2,1,H5,C6,D4
2,D4;S5;C5;C4;C9;H9;S2;S9;C3;S4,0,D4,D4,S7
2,SQ;SA;DA;D8;H2;H8;S8;D2;C8;C2,1,S7,SQ,C6
2,C6;S5;C5;C4;C9;H9;S2;S9;C3;S4,0,C6,C6,D4
2,D3;SA;DA;D8;H2;H8;S8;D2;C8;C2,1,D4,D3,SQ
2,D6;C6;C5;C4;C9;H9;S2;S9;C3;S4,0,SQ,D6,S5
2,HQ;D3;SA;DA;D8;H2;H8;S8;D2;C8,1,S5,HQ,C2
2,C2;C6;C5;C4;C9;H9;S2;S9;C3;S4,0,C2,C2,D6
2,C7;D3;SA;DA;D8;H2;H8;S8;D2;C8,1,D6,C7,HQ
2,H7;C2;C6;C5;C4;C9;H9;S2;S9;C3,0,HQ,H7,S4
2,S3;D3;SA;DA;D8;H2;H8;S8;D2;C8,1,S4,S3,C7
2,C7;C2;C6;C5;C4;C9;H9;S2;S9;C3,0,C7,C7,H7
2,DJ;D3;SA;DA;D8;H2;H8;S8;D2;C8,1,H7,DJ,S3
2,S3;C2;C6;C5;C4;C9;H9;S2;S9;C3,0,S3,S3,C7
2,D7;D3;SA;DA;D8;H2;H8;S8;D2;C8,1,C7,D7,DJ
2,D5;C2;C6;C5;C4;C9;H9;S2;S9;C3,0,DJ,D5,S3
2,H3;D3;SA;DA;D8;H2;H8;S8;D2;C8,1,S3,H3,D7
2,D9;C2;C6;C5;C4;C9;H9;S2;S9;C3,0,D7,D9,D5
3,CK;H4;D6;CA;SA;H7;H2;C5;H6;S7,1,C4,CK,HQ
3,D9;C2;C6;C10;SK;H5;HK;DK;SQ;C9,0,HQ,D9,H10
3,S9;H4;D6;CA;SA;H7;H2;C5;H6;S7,1,H10,S9,CK
3,CK;D9;C2;C6;C10;SK;HK;DK;SQ;C9,0,CK,CK,H5
3,H5;H4;D6;CA;SA;H7;H2;C5;H6;S7,1,H5,H5,S9
3,S9;CK;D9;C2;C6;SK;HK;DK;SQ;C9,0,S9,S9,C10
3,C8;H5;H4;D6;CA;SA;H7;H2;C5;H6,1,C10,C8,S7
3,CQ;S9;CK;D9;C2;SK;HK;DK;SQ;C9,0,S7,CQ,C6
3,C7;H5;H4;D6;CA;SA;H7;H2;C5;H6,1,C6,C7,C8
3,S3;S9;CK;D9;C2;SK;HK;DK;SQ;C9,0,C8,S3,CQ
3,D2;H5;H4;D6;CA;SA;H7;H2;C5;H6,1,CQ,D2,C7
3,H8;S3;S9;CK;D9;SK;HK;DK;SQ;C9,0,C7,H8,C2
3,C2;D2;H5;H4;CA;SA;H7;H2;C5;H6,1,C2,C2,D6
3,D6;S3;S9;CK;D9;SK;HK;DK;SQ;C9,0,D6,D6,H8
3,H8;C2;D2;H5;H4;CA;SA;H7;H2;H6,1,H8,H8,C5
3,C5;S3;S9;CK;D9;SK;HK;DK;SQ;C9,0,C5,C5,D6
3,DQ;H8;C2;D2;H5;H4;CA;H7;H2;H6,1,D6,DQ,SA
3,SA;S3;S9;CK;D9;SK;HK;DK;SQ;C9,0,SA,SA,C5
3,D3;H8;C2;D2;H5;H4;CA;H7;H2;H6,1,C5,D3,DQ
3,SJ;SA;S9;CK;D9;SK;HK;DK;SQ;C9,0,DQ,SJ,S3
4,DQ;D9;S7;D10;S10;S3;D4;S5;D8;DJ,1,DQ,DQ,HJ
4,HJ;C7;D6;D7;H10;HQ;D2;H8;H9;S4,0,HJ,HJ,H4
4,CQ;DQ;D9;S7;D10;S3;D4;S5;D8;DJ,1,H4,CQ,S10
4,HA;HJ;C7;D6;H10;HQ;D2;H8;H9;S4,0,S10,HA,D7
4,D3;DQ;D9;S7;D10;S3;D4;S5;D8;DJ,1,D7,D3,CQ
4,CJ;HJ;C7;D6;H10;HQ;D2;H8;H9;S4,0,CQ,CJ,HA
4,H6;D3;DQ;D9;D10;S3;D4;S5;D8;DJ,1,HA,H6,S7
4,S7;CJ;HJ;C7;H10;HQ;D2;H8;H9;S4,0,S7,S7,D6
4,H3;D3;DQ;D9;D10;S3;D4;S5;D8;DJ,1,D6,H3,H6
4,C4;S7;CJ;HJ;C7;H10;HQ;H8;H9;S4,0,H6,C4,D2
4,C6;H3;D3;DQ;D9;D10;S3;D4;D8;DJ,1,D2,C6,S5
4,S5;C4;S7;HJ;C7;H10;HQ;H8;H9;S4,0,S5,S5,CJ
4,DK;H3;D3;DQ;D9;D10;S3;D4;D8;DJ,1,CJ,DK,C6
4,C6;S5;C4;S7;HJ;H10;HQ;H8;H9;S4,0,C6,C6,C7
4,S9;H3;D3;DQ;D9;D10;S3;D4;D8;DJ,1,C7,S9,DK
4,SK;S5;C4;S7;HJ;H10;HQ;H8;H9;S4,0,DK,SK,C6
4,C9;H3;D3;DQ;D9;D10;S3;D4;D8;DJ,1,C6,C9,S9
4,CA;SK;S5;S7;HJ;H10;HQ;H8;H9;S4,0,S9,CA,C4
4,H5;H3;D3;DQ;D9;D10;S3;D4;D8;DJ,1,C4,H5,C9
4,SJ;SK;S5;S7;HJ;H10;HQ;H8;H9;S4,0,C9,SJ,CA
4,SQ;H3;D3;DQ;D9;D10;S3;D4;D8;DJ,1,CA,SQ,H5
4,H5;SJ;S5;S7;HJ;H10;HQ;H8;H9;S4,0,H5,H5,SK
4,C5;H3;D3;DQ;D9;D10;S3;D4;D8;DJ,1,SK,C5,SQ
4,CK;SJ;S5;S7;HJ;H10;HQ;H8;H9;S4,0,SQ,CK,H5
4,C10;H3;D3;DQ;D9;D10;S3;D4;D8;DJ,1,H5,C10,C5
4,C5;SJ;S5;S7;HJ;H10;HQ;H8;H9;S4,0,C5,C5,CK
4,H2;H3;D3;DQ;D9;D10;S3;D4;D8;DJ,1,CK,H2,C10
4,DA;SJ;S5;S7;HJ;H10;HQ;H8;H9;S4,0,C10,DA,C5
4,S2;H2;H3;D3;DQ;D9;D10;S3;D8;DJ,1,C5,S2,D4
4,D4;SJ;S5;S7;HJ;H10;HQ;H8;H9;S4,0,D4,D4,DA
4,HK;S2;H3;D3;DQ;D9;D10;S3;D8;DJ,1,DA,HK,H2
4,C8;SJ;S5;S7;HJ;H10;HQ;H8;H9;S4,0,H2,C8,D4
4,H7;S2;H3;D3;DQ;D9;D10;S3;D8;DJ,1,D4,H7,HK
4,HK;SJ;S5;S7;HJ;H10;HQ;H8;H9;S4,0,HK,HK,C8
4,C3;S2;H3;D3;DQ;D9;D10;S3;D8;DJ,1,C8,C3,H7
4,H7;SJ;S5;S7;HJ;H10;HQ;H8;H9;S4,0,H7,H7,HK
4,S8;C3;H3;D3;DQ;D9;D10;S3;D8;DJ,1,HK,S8,S2
4,S2;H7;SJ;S5;S7;HJ;H10;H8;H9;S4,0,S2,S2,HQ
4,D5;C3;H3;D3;DQ;D9;D10;S3;D8;DJ,1,HQ,D5,S8
4,S8;S2;H7;S5;S7;HJ;H10;H8;H9;S4,0,S8,S8,SJ
4,SA;C3;H3;D3;DQ;D9;D10;S3;D8;DJ,1,SJ,SA,D5
4,D5;S2;H7;S5;S7;HJ;H10;H8;H9;S4,0,D5,D5,S8
4,C2;C3;H3;D3;DQ;D9;D10;S3;D8;DJ,1,S8,C2,SA
4,SA;S2;H7;S5;S7;HJ;H10;H8;H9;S4,0,SA,SA,D5
4,S6;C3;H3;D3;DQ;D9;D10;S3;D8;DJ,1,D5,S6,C2
5,S4;D4;H7;C5;H8;S3;D9;H3;DA;C2,0,S4,S4,H10
5,SA;C7;C10;H6;D7;D2;D3;CJ;SQ;D6,1,H10,SA,SK
5,C6;S4;D4;H7;C5;S3;D9;H3;DA;C2,0,SK,C6,H8
5,C4;SA;C7;C10;H6;D7;D2;D3;CJ;D6,1,H8,C4,SQ
5,H4;C6;S4;D4;C5;S3;D9;H3;DA;C2,0,SQ,H4,H7
5,H7;C4;SA;C7;C10;H6;D7;D2;D3;D6,1,H7,H7,CJ
5,HJ;H4;C6;S4;D4;C5;S3;D9;DA;C2,0,CJ,HJ,H3
5,H9;H7;C4;SA;C7;H6;D7;D2;D3;D6,1,H3,H9,C10
5,C10;H4;C6;S4;D4;C5;S3;D9;DA;C2,0,C10,C10,HJ
5,DQ;H7;C4;SA;C7;H6;D7;D2;D3;D6,1,HJ,DQ,H9
5,H9;C10;H4;C6;S4;D4;C5;S3;DA;C2,0,H9,H9,D9
5,HK;H7;C4;SA;C7;H6;D7;D2;D3;D6,1,D9,HK,DQ
5,CQ;C10;H4;C6;S4;D4;C5;S3;DA;C2,0,DQ,CQ,H9
5,S6;H7;C4;SA;C7;H6;D7;D2;D3;D6,1,H9,S6,HK
5,D8;CQ;C10;H4;C6;S4;D4;C5;S3;C2,0,HK,D8,DA
5,DA;S6;H7;SA;C7;H6;D7;D2;D3;D6,1,DA,DA,C4
5,C4;CQ;C10;H4;C6;S4;D4;C5;S3;C2,0,C4,C4,D8
5,DK;DA;S6;H7;C7;H6;D7;D2;D3;D6,1,D8,DK,SA
5,SA;C4;C10;H4;C6;S4;D4;C5;S3;C2,0,SA,SA,CQ
5,CK;DA;S6;H7;C7;H6;D7;D2;D3;D6,1,CQ,CK,DK
5,D5;SA;C4;H4;C6;S4;D4;C5;S3;C2,0,DK,D5,C10
5,C9;DA;S6;H7;C7;H6;D7;D2;D3;D6,1,C10,C9,CK
5,S7;SA;C4;H4;C6;S4;D4;C5;S3;C2,0,CK,S7,D5
5,S2;DA;S6;H7;C7;H6;D7;D2;D3;D6,1,D5,S2,C9
5,C3;SA;C4;H4;C6;S4;D4;C5;S3;C2,0,C9,C3,S7
5,HQ;DA;S6;H7;C7;H6;D7;D2;D3;D6,1,S7,HQ,S2
5,S2;C3;SA;C4;C6;S4;D4;C5;S3;C2,0,S2,S2,H4
6,D8;D4;SJ;HQ;S6;C2;SK;S5;S2;H8,1,DA,D8,CJ
6,H4;CA;D10;SA;S4;DQ;D6;D9;C6;H7,0,CJ,H4,H9
6,HK;D8;D4;SJ;HQ;S6;C2;S5;S2;H8,1,H9,HK,SK
6,S8;H4;CA;D10;SA;S4;DQ;D6;D9;C6,0,SK,S8,H7
6,D3;HK;D8;D4;SJ;S6;C2;S5;S2;H8,1,H7,D3,HQ
6,H2;S8;CA;D10;SA;S4;DQ;D6;D9;C6,0,HQ,H2,H4
6,S9;D3;HK;D8;D4;S6;C2;S5;S2;H8,1,H4,S9,SJ
6,C9;S8;CA;D10;SA;S4;DQ;D6;D9;C6,0,SJ,C9,H2
6,H2;S9;D3;D8;D4;S6;C2;S5;S2;H8,1,H2,H2,HK
6,H6;C9;S8;CA;D10;SA;S4;D6;D9;C6,0,HK,H6,DQ
6,DK;H2;D3;D8;D4;S6;C2;S5;S2;H8,1,DQ,DK,S9
6,S9;H6;C9;S8;CA;SA;S4;D6;D9;C6,0,S9,S9,D10
6,D2;H2;D3;D8;D4;S6;C2;S5;S2;H8,1,D10,D2,DK
6,C5;S9;H6;C9;S8;SA;S4;D6;D9;C6,0,DK,C5,CA
6,CK;D2;H2;D3;D8;D4;S6;C2;S5;S2,1,CA,CK,H8
6,H8;S9;H6;C9;S8;SA;S4;D6;D9;C6,0,H8,H8,C5
6,C7;D2;H2;D3;D8;D4;S6;C2;S5;S2,1,C5,C7,CK
6,H3;S9;H6;C9;S8;SA;S4;D6;D9;C6,0,CK,H3,H8
6,S10;C7;D2;H2;D3;D4;S6;C2;S5;S2,1,H8,S10,D8
6,D8;S9;H6;C9;S8;SA;S4;D6;D9;C6,0,D8,D8,H3
6,C8;C7;D2;H2;D3;D4;S6;C2;S5;S2,1,H3,C8,S10
6,S10;D8;S9;H6;C9;S8;SA;S4;D6;C6,0,S10,S10,D9
6,SQ;C7;D2;H2;D3;D4;S6;C2;S5;S2,1,D9,SQ,C8
6,C8;S10;S9;H6;C9;S8;SA;S4;D6;C6,0,C8,C8,D8
6,HJ;C7;D2;H2;D3;D4;S6;C2;S5;S2,1,D8,HJ,SQ
6,DJ;C8;S10;S9;H6;S8;SA;S4;D6;C6,0,SQ,DJ,C9
6,CQ;C7;D2;H2;D3;D4;S6;C2;S5;S2,1,C9,CQ,HJ
6,C4;C8;S10;S9;H6;S8;SA;S4;D6;C6,0,HJ,C4,DJ
6,C10;C7;D2;H2;D3;D4;S6;C2;S5;S2,1,DJ,C10,CQ
6,S3;C4;S10;S9;H6;S8;SA;S4;D6;C6,0,CQ,S3,C8
6,D7;C7;D2;H2;D3;D4;S6;C2;S5;S2,1,C8,D7,C10
6,C3;S3;S10;S9;H6;S8;SA;S4;D6;C6,0,C10,C3,C4
6,H5;D7;D2;H2;D3;D4;S6;C2;S5;S2,1,C4,H5,C7
6,H10;S3;S10;S9;H6;S8;SA;S4;D6;C6,0,C7,H10,C3
6,S7;H5;D2;H2;D3;D4;S6;C2;S5;S2,1,C3,S7,D7
6,D7;S3;S10;S9;H6;S8;SA;S4;D6;C6,0,D7,D7,H10
6,D5;S7;D2;H2;D3;D4;S6;C2;S5;S2,1,H10,D5,H5
6,H5;S3;S10;S9;H6;S8;SA;S4;D6;C6,0,H5,H5,D7
6,HA;D5;D2;H2;D3;D4;S6;C2;S5;S2,1,D7,HA,S7
7,S5;C3;C6;DQ;D5;H8;S7;H7;S2;C2,1,S4,S5,HQ
7,HA;CQ;D6;D3;DA;CK;C7;C8;C10;D2,0,HQ,HA,DK
7,D9;S5;C3;C6;D5;H8;S7;H7;S2;C2,1,DK,D9,DQ
7,DJ;CQ;D6;D3;DA;CK;C7;C8;C10;D2,0,DQ,DJ,HA
7,H3;S5;C3;C6;D5;H8;S7;H7;S2;C2,1,HA,H3,D9
7,D9;CQ;D6;D3;DA;CK;C7;C8;C10;D2,0,D9,D9,DJ
7,H5;H3;S5;C3;C6;D5;S7;H7;S2;C2,1,DJ,H5,H8
7,H8;CQ;D6;D3;DA;CK;C7;C8;C10;D2,0,H8,H8,D9
7,SQ;H5;H3;S5;C3;C6;D5;S7;S2;C2,1,D9,SQ,H7
7,H7;CQ;D6;D3;DA;CK;C7;C8;C10;D2,0,H7,H7,H8
7,D10;H5;H3;S5;C3;C6;D5;S7;S2;C2,1,H8,D10,SQ
7,S9;CQ;D6;D3;DA;CK;C7;C8;C10;D2,0,SQ,S9,H7
7,C9;H5;H3;S5;C3;C6;D5;S7;S2;C2,1,H7,C9,D10
7,D10;S9;CQ;D3;DA;CK;C7;C8;C10;D2,0,D10,D10,D6
7,SK;H5;H3;S5;C3;C6;D5;S7;S2;C2,1,D6,SK,C9
7,C9;S9;CQ;D3;DA;CK;C7;C8;C10;D2,0,C9,C9,D10
7,D7;H5;H3;S5;C3;C6;D5;S7;S2;C2,1,D10,D7,SK
7,C5;C9;S9;CQ;D3;DA;C7;C8;C10;D2,0,SK,C5,CK
7,SA;D7;H5;H3;S5;C3;C6;D5;S2;C2,1,CK,SA,S7
7,S7;C5;C9;S9;D3;DA;C7;C8;C10;D2,0,S7,S7,CQ
7,S10;SA;H5;H3;S5;C3;C6;D5;S2;C2,1,CQ,S10,D7
7,D7;S7;C9;S9;D3;DA;C7;C8;C10;D2,0,D7,D7,C5
7,C5;SA;H5;H3;S5;C3;C6;D5;S2;C2,1,C5,C5,S10
7,D8;S7;C9;S9;D3;DA;C7;C8;C10;D2,0,S10,D8,D7
7,S8;C5;SA;H5;H3;S5;C3;D5;S2;C2,1,D7,S8,C6
7,C6;S7;C9;S9;D3;DA;C7;C8;C10;D2,0,C6,C6,D8
7,CA;C5;SA;H5;H3;S5;C3;D5;S2;C2,1,D8,CA,S8
7,S8;S7;C9;S9;D3;DA;C7;C8;C10;D2,0,S8,S8,C6
8,S2;D2;DQ;C4;C5;H8;DA;S5;S3;C2,1,S2,S2,CQ
8,SK;H2;D4;H4;S10;DK;H5;S8;H3;S4,0,CQ,SK,H9
8,D6;S2;D2;C4;C5;H8;DA;S5;S3;C2,1,H9,D6,DQ
8,SQ;SK;H2;D4;H4;S10;H5;S8;H3;S4,0,DQ,SQ,DK
8,CK;D6;S2;D2;C4;C5;DA;S5;S3;C2,1,DK,CK,H8
8,H8;SQ;SK;H2;H4;S10;H5;S8;H3;S4,0,H8,H8,D4
8,HJ;D6;S2;D2;C4;C5;DA;S5;S3;C2,1,D4,HJ,CK
8,H7;SQ;SK;H2;H4;S10;H5;S8;H3;S4,0,CK,H7,H8
8,HK;D6;S2;D2;C4;C5;DA;S5;S3;C2,1,H8,HK,HJ
8,H10;SQ;SK;H2;H4;S10;H5;S8;H3;S4,0,HJ,H10,H7
8,D10;D6;S2;D2;C4;C5;DA;S5;S3;C2,1,H7,D10,HK
8,D8;SQ;SK;H2;H4;S10;H5;S8;H3;S4,0,HK,D8,H10
8,CA;D6;S2;D2;C4;C5;DA;S5;S3;C2,1,H10,CA,D10
8,D10;SQ;SK;H2;H4;S10;H5;S8;H3;S4,0,D10,D10,D8
8,C7;CA;S2;D2;C4;C5;DA;S5;S3;C2,1,D8,C7,D6
8,H6;SQ;SK;H2;H4;S10;H5;S8;H3;S4,0,D6,H6,D10
8,C3;CA;S2;D2;C4;C5;DA;S5;S3;C2,1,D10,C3,C7
8,S7;H6;SQ;H2;H4;S10;H5;S8;H3;S4,0,C7,S7,SK
8,D9;C3;CA;S2;D2;C4;C5;DA;S3;C2,1,SK,D9,S5
8,S5;S7;H6;H2;H4;S10;H5;S8;H3;S4,0,S5,S5,SQ
8,SA;C3;CA;S2;D2;C4;C5;DA;S3;C2,1,SQ,SA,D9
8,C9;S5;S7;H6;H2;H4;H5;S8;H3;S4,0,D9,C9,S10
8,DJ;SA;C3;CA;S2;D2;C4;C5;DA;C2,1,S10,DJ,S3
8,S3;S5;S7;H6;H2;H4;H5;S8;H3;S4,0,S3,S3,C9
8,S9;SA;C3;CA;S2;D2;C4;C5;DA;C2,1,C9,S9,DJ
8,S6;S3;S5;S7;H6;H2;H4;H5;H3;S4,0,DJ,S6,S8
9,S3;CQ;SA;S9;SJ;D4;C9;DA;H2;S4,0,S3,S3,HQ
9,C10;SK;D7;DQ;C7;H7;D6;D8;H6;H8,1,HQ,C10,CK
9,S10;S3;CQ;SA;S9;SJ;D4;C9;DA;S4,0,CK,S10,H2
9,DK;C10;SK;D7;C7;H7;D6;D8;H6;H8,1,H2,DK,DQ
9,C2;S10;S3;CQ;SA;S9;SJ;C9;DA;S4,0,DQ,C2,D4
9,S5;DK;C10;D7;C7;H7;D6;D8;H6;H8,1,D4,S5,SK
9,S2;C2;S10;S3;CQ;SA;S9;SJ;C9;S4,0,SK,S2,DA
9,SQ;S5;DK;D7;C7;H7;D6;D8;H6;H8,1,DA,SQ,C10
9,C10;S2;C2;S10;S3;SA;S9;SJ;C9;S4,0,C10,C10,CQ
9,D5;SQ;S5;D7;C7;H7;D6;D8;H6;H8,1,CQ,D5,DK
9,C5;S2;C2;S10;S3;SA;S9;SJ;C9;S4,0,DK,C5,C10
9,H9;D5;S5;D7;C7;H7;D6;D8;H6;H8,1,C10,H9,SQ
9,CJ;C5;S2;C2;S10;S3;SA;S9;SJ;S4,0,SQ,CJ,C9
9,HJ;H9;D5;S5;D7;H7;D6;D8;H6;H8,1,C9,HJ,C7
9,C7;C5;S2;C2;S10;S3;SA;S9;SJ;S4,0,C7,C7,CJ
9,S6;H9;D5;S5;D7;H7;D6;D8;H6;H8,1,CJ,S6,HJ
9,CA;C5;S2;C2;S10;S3;SA;S9;SJ;S4,0,HJ,CA,C7
9,D3;H9;D5;S5;D7;H7;D6;D8;H6;H8,1,C7,D3,S6
9,S8;CA;S2;C2;S10;S3;SA;S9;SJ;S4,0,S6,S8,C5
10,S9;C9;C5;SA;CJ;D10;S2;SJ;D4;CQ,0,DQ,S9,H4
10,S8;S5;SK;H5;D3;H7;S3;CK;C6;DK,1,H4,S8,H8
10,H8;S9;C9;C5;SA;CJ;S2;SJ;D4;CQ,0,H8,H8,D10
10,S4;S5;SK;H5;D3;H7;S3;CK;C6;DK,1,D10,S4,S8
10,S8;S9;C9;C5;SA;CJ;S2;SJ;D4;CQ,0,S8,S8,H8
10,D8;S4;S5;SK;H5;D3;S3;CK;C6;DK,1,H8,D8,H7
10,H9;S8;S9;C9;C5;SA;CJ;S2;SJ;CQ,0,H7,H9,D4
10,DJ;S4;S5;SK;H5;D3;S3;CK;C6;DK,1,D4,DJ,D8
10,D8;H9;S8;S9;C9;C5;SA;CJ;S2;SJ,0,D8,D8,CQ
10,HQ;S4;S5;SK;H5;D3;S3;CK;C6;DK,1,CQ,HQ,DJ
10,DJ;H9;S8;S9;C9;C5;SA;CJ;S2;SJ,0,DJ,DJ,D8
10,C4;S4;S5;SK;H5;D3;S3;CK;C6;DK,1,D8,C4,HQ
10,C3;DJ;H9;S8;S9;C9;SA;CJ;S2;SJ,0,HQ,C3,C5
10,C5;C4;S4;S5;SK;H5;D3;S3;CK;DK,1,C5,C5,C6
10,SQ;DJ;H9;S8;S9;C9;SA;CJ;S2;SJ,0,C6,SQ,C3
10,C3;C5;C4;S4;S5;SK;D3;S3;CK;DK,1,C3,C3,H5
10,H5;DJ;H9;S8;S9;C9;SA;CJ;S2;SJ,0,H5,H5,SQ
10,DA;C3;C5;C4;S4;S5;SK;S3;CK;DK,1,SQ,DA,D3
10,D3;DJ;H9;S8;S9;C9;SA;CJ;S2;SJ,0,D3,D3,H5
10,HA;C3;C5;C4;S4;S5;SK;S3;CK;DK,1,H5,HA,DA
10,DA;DJ;H9;S8;S9;C9;SA;CJ;S2;SJ,0,DA,DA,D3
10,C8;C3;C5;C4;S4;S5;SK;S3;CK;DK,1,D3,C8,HA
10,HA;DA;DJ;H9;S9;C9;SA;CJ;S2;SJ,0,HA,HA,S8
10,S10;C3;C5;C4;S4;S5;SK;S3;CK;DK,1,S8,S10,C8
10,C7;HA;DA;DJ;H9;S9;C9;SA;CJ;SJ,0,C8,C7,S2
11,C5;CJ;CA;S3;S7;S8;C3;S9;D10;C8,0,C5,C5,H9
11,C7;C4;SA;HJ;DK;H8;H5;H2;D6;S2,1,H9,C7,S10
11,S10;C5;CJ;CA;S3;S7;S8;C3;S9;C8,0,S10,S10,D10
11,SQ;C7;C4;SA;HJ;H8;H5;H2;D6;S2,1,D10,SQ,DK
11,D9;S10;C5;CA;S3;S7;S8;C3;S9;C8,0,DK,D9,CJ
11,C10;SQ;C7;C4;SA;H8;H5;H2;D6;S2,1,CJ,C10,HJ
11,HA;S10;C5;CA;S3;S7;S8;C3;S9;C8,0,HJ,HA,D9
11,DA;C10;C7;C4;SA;H8;H5;H2;D6;S2,1,D9,DA,SQ
11,D5;S10;C5;CA;S3;S7;S8;C3;S9;C8,0,SQ,D5,HA
11,HA;DA;C7;C4;SA;H8;H5;H2;D6;S2,1,HA,HA,C10
11,D7;S10;C5;CA;S3;S7;S8;C3;S9;C8,0,C10,D7,D5
11,H4;HA;DA;C7;C4;SA;H5;H2;D6;S2,1,D5,H4,H8
11,H8;S10;C5;CA;S3;S7;S8;C3;S9;C8,0,H8,H8,D7
11,C9;H4;HA;DA;C4;SA;H5;H2;D6;S2,1,D7,C9,C7
11,C7;S10;C5;CA;S3;S7;S8;C3;S9;C8,0,C7,C7,H8
11,H10;H4;HA;DA;C4;SA;H5;H2;D6;S2,1,H8,H10,C9
11,C9;C7;S10;CA;S3;S7;S8;C3;S9;C8,0,C9,C9,C5
11,CQ;H4;HA;DA;C4;SA;H5;H2;D6;S2,1,C5,CQ,H10
11,H3;C9;C7;S10;S3;S7;S8;C3;S9;C8,0,H10,H3,CA
