1,H8;SJ;S2;H7;S10;HK;D10;H5;C2;D6,0,H8,H8,CQ
1,S6;C8;CA;S8;D9;S3;C5;C6;HA;S5,1,CQ,S6,CK
1,H2;H8;SJ;S2;H7;S10;D10;H5;C2;D6,0,CK,H2,HK
1,D5;S6;C8;CA;S8;S3;C5;C6;HA;S5,1,HK,D5,D9
1,C10;H2;H8;S2;H7;S10;D10;H5;C2;D6,0,D9,C10,SJ
1,DK;D5;S6;C8;CA;S3;C5;C6;HA;S5,1,SJ,DK,S8
1,C9;C10;H2;H8;S2;H7;S10;D10;H5;C2,0,S8,C9,D6
1,D6;D5;S6;C8;CA;S3;C5;C6;HA;S5,1,D6,D6,DK
1,C4;C10;H2;H8;S2;H7;S10;D10;H5;C2,0,DK,C4,C9
1,H10;D6;D5;S6;CA;S3;C5;C6;HA;S5,1,C9,H10,C8
1,H4;C10;H2;H8;S2;H7;S10;D10;H5;C2,0,C8,H4,C4
1,SQ;D6;D5;S6;CA;S3;C5;C6;HA;S5,1,C4,SQ,H10
1,DJ;H4;C10;H2;S2;H7;S10;D10;H5;C2,0,H10,DJ,H8
1,C3;D6;D5;S6;CA;S3;C5;C6;HA;S5,1,H8,C3,SQ
1,C7;H4;C10;H2;S2;H7;S10;D10;H5;C2,0,SQ,C7,DJ
1,D3;C3;D6;D5;S6;CA;C5;C6;HA;S5,1,DJ,D3,S3
1,SA;H4;C10;H2;S2;H7;S10;D10;H5;C2,0,S3,SA,C7
1,DQ;D3;D6;D5;S6;CA;C5;C6;HA;S5,1,C7,DQ,C3
1,S7;H4;C10;H2;S2;H7;S10;D10;H5;C2,0,C3,S7,SA
1,SA;D3;D6;D5;S6;CA;C5;C6;HA;S5,1,SA,SA,DQ
1,H6;H4;C10;H2;S2;H7;S10;D10;H5;C2,0,DQ,H6,S7
2,HK;H10;D10;D9;S5;CA;CK;C4;D7;S10,0,SJ,HK,CJ
2,C8;H9;DK;H6;S2;H8;H5;D3;S4;H3,1,CJ,C8,C10
2,SQ;HK;H10;D10;D9;S5;CA;C4;D7;S10,0,C10,SQ,CK
2,S8;C8;H9;H6;S2;H8;H5;D3;S4;H3,1,CK,S8,DK
2,HQ;SQ;H10;D10;D9;S5;CA;C4;D7;S10,0,DK,HQ,HK
2,S9;S8;C8;H6;S2;H8;H5;D3;S4;H3,1,HK,S9,H9
2,DA;HQ;H10;D10;D9;S5;CA;C4;D7;S10,0,H9,DA,SQ
2,SK;S8;C8;H6;S2;H8;H5;D3;S4;H3,1,SQ,SK,S9
2,S6;DA;H10;D10;D9;S5;CA;C4;D7;S10,0,S9,S6,HQ
2,H2;S8;C8;H6;S2;H8;H5;D3;S4;H3,1,HQ,H2,SK
2,HJ;S6;DA;H10;D10;D9;S5;CA;C4;S10,0,SK,HJ,D7
2,HA;H2;S8;C8;S2;H8;H5;D3;S4;H3,1,D7,HA,H6
2,H7;S6;DA;H10;D10;D9;S5;CA;C4;S10,0,H6,H7,HJ
2,CQ;HA;H2;S8;C8;S2;H8;D3;S4;H3,1,HJ,CQ,H5
2,D4;H7;S6;DA;H10;D10;S5;CA;C4;S10,0,H5,D4,D9
2,D8;HA;H2;S8;C8;S2;H8;D3;S4;H3,1,D9,D8,CQ
2,C3;D4;S6;DA;H10;D10;S5;CA;C4;S10,0,CQ,C3,H7
2,H4;D8;HA;H2;S8;C8;S2;H8;D3;H3,1,H7,H4,S4
2,S4;C3;D4;S6;H10;D10;S5;CA;C4;S10,0,S4,S4,DA
2,DQ;H4;D8;HA;H2;S8;C8;S2;H8;H3,1,DA,DQ,D3
2,D3;S4;C3;D4;S6;H10;D10;S5;C4;S10,0,D3,D3,CA
2,C9;H4;D8;HA;H2;S8;C8;S2;H8;H3,1,CA,C9,DQ
2,C7;S4;C3;D4;S6;H10;D10;S5;C4;S10,0,DQ,C7,D3
2,C5;H4;D8;HA;H2;S8;C8;S2;H8;H3,1,D3,C5,C9
2,DJ;S4;C3;D4;S6;H10;D10;S5;C4;S10,0,C9,DJ,C7
2,SA;H4;D8;HA;H2;S8;C8;S2;H8;H3,1,C7,SA,C5
2,C5;S4;C3;D4;S6;H10;D10;S5;C4;S10,0,C5,C5,DJ
2,D2;SA;H4;D8;HA;H2;S8;C8;H8;H3,1,DJ,D2,S2
2,D5;C5;S4;C3;D4;H10;D10;S5;C4;S10,0,S2,D5,S6
2,S3;SA;H4;D8;HA;H2;S8;C8;H8;H3,1,S6,S3,D2
2,C6;D5;C5;S4;D4;H10;D10;S5;C4;S10,0,D2,C6,C3
2,D6;SA;H4;D8;HA;H2;S8;C8;H8;H3,1,C3,D6,S3
2,S7;D5;C5;S4;D4;H10;D10;S5;C4;S10,0,S3,S7,C6
2,C2;SA;H4;D8;HA;H2;S8;C8;H8;H3,1,C6,C2,D6
3,C7;H9;DA;S10;C6;CK;H7;CQ;H2;D7,0,C7,C7,D10
3,CJ;C2;DK;H4;D4;S4;S8;HA;D3;DQ,1,D10,CJ,SK
3,HK;C7;H9;DA;C6;CK;H7;CQ;H2;D7,0,SK,HK,S10
3,H6;CJ;C2;DK;H4;D4;S4;S8;HA;D3,1,S10,H6,DQ
3,DJ;HK;C7;H9;DA;C6;CK;H7;H2;D7,0,DQ,DJ,CQ
3,S7;H6;CJ;C2;H4;D4;S4;S8;HA;D3,1,CQ,S7,DK
3,C3;HK;C7;H9;DA;C6;CK;H7;H2;D7,0,DK,C3,DJ
3,SQ;S7;H6;C2;H4;D4;S4;S8;HA;D3,1,DJ,SQ,CJ
3,SJ;C3;HK;C7;H9;DA;C6;H7;H2;D7,0,CJ,SJ,CK
3,CA;S7;H6;C2;H4;D4;S4;S8;HA;D3,1,CK,CA,SQ
3,S5;C3;HK;C7;H9;DA;C6;H7;H2;D7,0,SQ,S5,SJ
3,SA;CA;S7;H6;C2;H4;D4;S4;HA;D3,1,SJ,SA,S8
3,H3;S5;C3;C7;H9;DA;C6;H7;H2;D7,0,S8,H3,HK
3,C8;SA;CA;H6;C2;H4;D4;S4;HA;D3,1,HK,C8,S7
3,D2;H3;S5;C3;C7;DA;C6;H7;H2;D7,0,S7,D2,H9
3,S2;SA;CA;H6;C2;H4;D4;S4;HA;D3,1,H9,S2,C8
3,C4;D2;H3;C3;C7;DA;C6;H7;H2;D7,0,C8,C4,S5
3,C10;S2;SA;CA;C2;H4;D4;S4;HA;D3,1,S5,C10,H6
3,S9;D2;H3;C3;C7;DA;C6;H7;H2;D7,0,H6,S9,C4
3,H8;S2;SA;CA;C2;H4;D4;S4;HA;D3,1,C4,H8,C10
3,HJ;D2;H3;C3;C7;DA;C6;H7;H2;D7,0,C10,HJ,S9
3,D8;S2;SA;CA;C2;H4;D4;S4;HA;D3,1,S9,D8,H8
3,D9;D2;H3;C3;C7;DA;C6;H7;H2;D7,0,H8,D9,HJ
3,C5;S2;SA;CA;C2;H4;D4;S4;HA;D3,1,HJ,C5,D8
3,S3;D2;H3;C3;C7;DA;C6;H7;H2;D7,0,D8,S3,D9
3,H5;S2;SA;CA;C2;H4;D4;S4;HA;D3,1,D9,H5,C5
3,D6;S3;D2;H3;C3;C7;DA;H7;H2;D7,0,C5,D6,C6
3,D5;S2;SA;CA;C2;H4;D4;S4;HA;D3,1,C6,D5,H5
3,HQ;S3;D2;H3;C3;C7;DA;H7;H2;D7,0,H5,HQ,D6
3,D6;D5;S2;SA;CA;C2;H4;D4;HA;D3,1,D6,D6,S4
3,C9;S3;D2;H3;C3;C7;DA;H7;H2;D7,0,S4,C9,HQ
3,H10;D6;D5;S2;SA;CA;C2;D4;HA;D3,1,HQ,H10,H4
3,S6;S3;D2;H3;C3;C7;DA;H7;H2;D7,0,H4,S6,C9
4,HJ;S9;HQ;SJ;CQ;S4;H6;D5;H2;DQ,0,H4,HJ,C10
4,C7;D7;DK;CK;S6;H5;SK;S3;C6;HA,1,C10,C7,H10
4,D6;S9;HQ;SJ;CQ;S4;H6;D5;H2;DQ,0,H10,D6,HJ
4,SA;C7;DK;CK;S6;H5;SK;S3;C6;HA,1,HJ,SA,D7
4,D7;D6;S9;HQ;CQ;S4;H6;D5;H2;DQ,0,D7,D7,SJ
4,C9;SA;DK;CK;S6;H5;SK;S3;C6;HA,1,SJ,C9,C7
4,D4;D7;D6;HQ;CQ;S4;H6;D5;H2;DQ,0,C7,D4,S9
4,H7;SA;DK;CK;S6;H5;SK;S3;C6;HA,1,S9,H7,C9
4,S2;D4;D7;D6;HQ;CQ;S4;D5;H2;DQ,0,C9,S2,H6
4,H6;SA;DK;CK;S6;H5;SK;S3;C6;HA,1,H6,H6,H7
4,C4;D4;D7;D6;HQ;CQ;S4;D5;H2;DQ,0,H7,C4,S2
5,H3;DJ;S3;HQ;H10;S6;S10;D3;SJ;CJ,0,D4,H3,C9
5,H8;C3;S9;C2;HJ;SQ;CK;C6;DA;S5,1,C9,H8,HK
5,C5;H3;DJ;S3;HQ;H10;S10;D3;SJ;CJ,0,HK,C5,S6
5,D8;H8;C3;S9;C2;HJ;SQ;C6;DA;S5,1,S6,D8,CK
5,D10;C5;H3;DJ;S3;H10;S10;D3;SJ;CJ,0,CK,D10,HQ
5,C8;D8;H8;C3;S9;C2;HJ;C6;DA;S5,1,HQ,C8,SQ
5,C7;D10;H3;DJ;S3;H10;S10;D3;SJ;CJ,0,SQ,C7,C5
5,CQ;C8;D8;H8;C3;S9;C2;C6;DA;S5,1,C5,CQ,HJ
5,D9;D10;H3;DJ;S3;H10;S10;D3;SJ;CJ,0,HJ,D9,C7
5,H2;C8;D8;H8;C3;S9;C2;C6;DA;S5,1,C7,H2,CQ
5,DQ;D10;H3;DJ;S3;H10;S10;D3;SJ;CJ,0,CQ,DQ,D9
5,D7;H2;C8;D8;H8;C3;C2;C6;DA;S5,1,D9,D7,S9
5,H9;D10;H3;DJ;S3;H10;S10;D3;SJ;CJ,0,S9,H9,DQ
5,HA;H2;C8;D8;H8;C3;C2;C6;DA;S5,1,DQ,HA,D7
5,C4;D10;H3;DJ;S3;H10;S10;D3;SJ;CJ,0,D7,C4,H9
5,SA;HA;H2;C8;D8;H8;C3;C2;DA;S5,1,H9,SA,C6
5,H7;D10;H3;DJ;S3;H10;S10;D3;SJ;CJ,0,C6,H7,C4
5,C4;SA;HA;H2;C8;D8;H8;C3;C2;DA,1,C4,C4,S5
5,S7;D10;H3;DJ;S3;H10;S10;D3;SJ;CJ,0,S5,S7,H7
5,S8;C4;SA;HA;C8;D8;H8;C3;C2;DA,1,H7,S8,H2
5,SK;D10;H3;DJ;S3;H10;S10;D3;SJ;CJ,0,H2,SK,S7
5,D2;S8;C4;SA;HA;C8;D8;H8;C3;C2,1,S7,D2,DA
5,C10;D10;H3;DJ;S3;H10;S10;D3;SJ;CJ,0,DA,C10,SK
6,D2;H8;DQ;DJ;C6;H10;CQ;C3;S3;H3,1,SA,D2,CJ
6,CJ;C5;C4;D8;C8;S7;C7;H2;C10;D9,0,CJ,CJ,HQ
6,HQ;D2;H8;DQ;DJ;C6;H10;C3;S3;H3,1,HQ,HQ,CQ
6,CQ;CJ;C5;C4;D8;C8;S7;C7;C10;D9,0,CQ,CQ,H2
6,DK;HQ;D2;H8;DQ;DJ;C6;C3;S3;H3,1,H2,DK,H10
6,HJ;CQ;CJ;C5;C4;D8;C8;C7;C10;D9,0,H10,HJ,S7
6,H5;DK;D2;H8;DQ;DJ;C6;C3;S3;H3,1,S7,H5,HQ
6,D5;CQ;CJ;C5;C4;D8;C8;C7;C10;D9,0,HQ,D5,HJ
6,HK;H5;DK;D2;DQ;DJ;C6;C3;S3;H3,1,HJ,HK,H8
6,H8;D5;CQ;CJ;C5;C4;D8;C8;C7;C10,0,H8,H8,D9
6,S8;H5;DK;D2;DQ;DJ;C6;C3;S3;H3,1,D9,S8,HK
6,C2;H8;CQ;CJ;C5;C4;D8;C8;C7;C10,0,HK,C2,D5
6,SQ;H5;DK;D2;DQ;DJ;C6;C3;S3;H3,1,D5,SQ,S8
6,S4;C2;H8;CQ;CJ;C4;D8;C8;C7;C10,0,S8,S4,C5
6,D3;H5;DK;D2;DQ;DJ;C6;C3;S3;H3,1,C5,D3,SQ
6,C9;C2;H8;CQ;CJ;C4;D8;C8;C7;C10,0,SQ,C9,S4
6,D10;D3;H5;DK;D2;DQ;DJ;C3;S3;H3,1,S4,D10,C6
6,CK;C9;C2;H8;CQ;CJ;C4;D8;C8;C10,0,C6,CK,C7
6,CA;D10;D3;DK;D2;DQ;DJ;C3;S3;H3,1,C7,CA,H5
6,D6;CK;C9;H8;CQ;CJ;C4;D8;C8;C10,0,H5,D6,C2
6,D7;CA;D10;D3;DK;DQ;DJ;C3;S3;H3,1,C2,D7,D2
6,H4;CK;C9;H8;CQ;CJ;C4;D8;C8;C10,0,D2,H4,D6
6,HA;CA;D10;D3;DK;DQ;DJ;C3;S3;H3,1,D6,HA,D7
6,SK;H4;CK;C9;H8;CQ;CJ;D8;C8;C10,0,D7,SK,C4
6,H6;HA;D10;D3;DK;DQ;DJ;C3;S3;H3,1,C4,H6,CA
6,S6;H4;CK;C9;H8;CQ;CJ;D8;C8;C10,0,CA,S6,SK
6,S5;HA;D10;D3;DK;DQ;DJ;C3;S3;H3,1,SK,S5,H6
6,DA;H4;CK;C9;H8;CQ;CJ;D8;C8;C10,0,H6,DA,S6
6,D4;HA;D10;D3;DK;DQ;DJ;C3;S3;H3,1,S6,D4,S5
6,H7;DA;CK;C9;H8;CQ;CJ;D8;C8;C10,0,S5,H7,H4
6,H9;HA;D10;D3;DK;DQ;DJ;C3;S3;H3,1,H4,H9,D4
6,S9;DA;CK;C9;H8;CQ;CJ;D8;C8;C10,0,D4,S9,H7
6,SJ;HA;D10;D3;DK;DQ;DJ;C3;S3;H3,1,H7,SJ,H9
6,S10;DA;CK;C9;H8;CQ;CJ;D8;C8;C10,0,H9,S10,S9
6,S2;HA;D10;D3;DK;DQ;DJ;C3;S3;H3,1,S9,S2,SJ
7,D6;H5;C10;S10;HQ;S9;CJ;C9;H8;D7,0,D6,D6,DJ
7,HK;S4;C8;C7;D4;HA;D3;CK;C4;C6,1,DJ,HK,D10
7,H2;D6;H5;C10;S10;S9;CJ;C9;H8;D7,0,D10,H2,HQ
7,H6;HK;S4;C8;C7;D4;HA;D3;C4;C6,1,HQ,H6,CK
7,C2;H2;D6;H5;C10;S10;CJ;C9;H8;D7,0,CK,C2,S9
7,CA;H6;S4;C8;C7;D4;HA;D3;C4;C6,1,S9,CA,HK
7,S7;C2;H2;D6;H5;C10;CJ;C9;H8;D7,0,HK,S7,S10
7,SK;CA;S4;C8;C7;D4;HA;D3;C4;C6,1,S10,SK,H6
7,H6;S7;H2;D6;H5;C10;CJ;C9;H8;D7,0,H6,H6,C2
7,D9;CA;S4;C8;C7;D4;HA;D3;C4;C6,1,C2,D9,SK
7,HJ;H6;S7;D6;H5;C10;CJ;C9;H8;D7,0,SK,HJ,H2
7,H4;CA;S4;C8;C7;D4;HA;D3;C4;C6,1,H2,H4,D9
7,DQ;H6;S7;D6;H5;C10;CJ;C9;H8;D7,0,D9,DQ,HJ
7,CQ;H4;CA;S4;C8;C7;D4;HA;C4;C6,1,HJ,CQ,D3
7,S8;H6;S7;D6;H5;C10;CJ;C9;H8;D7,0,D3,S8,DQ
7,S6;H4;CA;S4;C8;C7;D4;HA;C4;C6,1,DQ,S6,CQ
7,C5;S8;H6;D6;H5;C10;CJ;C9;H8;D7,0,CQ,C5,S7
7,S3;H4;CA;S4;C8;C7;D4;HA;C4;C6,1,S7,S3,S6
7,S6;S8;H6;D6;H5;C10;CJ;C9;H8;D7,0,S6,S6,C5
7,C5;H4;CA;S4;C8;C7;D4;HA;C4;C6,1,C5,C5,S3
7,D8;S6;S8;H6;D6;C10;CJ;C9;H8;D7,0,S3,D8,H5
7,D5;C5;H4;CA;S4;C8;C7;D4;C4;C6,1,H5,D5,HA
7,S2;D8;S6;S8;H6;D6;C10;CJ;C9;H8,0,HA,S2,D7
8,D2;DJ;D8;SQ;CA;H7;S8;HQ;H5;DQ,0,D5,D2,C9
8,S9;SA;S5;CK;C6;D6;S7;D4;C8;DA,1,C9,S9,DK
8,S4;D2;D8;SQ;CA;H7;S8;HQ;H5;DQ,0,DK,S4,DJ
8,CJ;S9;SA;S5;C6;D6;S7;D4;C8;DA,1,DJ,CJ,CK
8,C2;S4;D2;D8;SQ;CA;H7;HQ;H5;DQ,0,CK,C2,S8
8,S8;S9;SA;S5;C6;D6;S7;D4;C8;DA,1,S8,S8,CJ
8,H6;C2;S4;D2;SQ;CA;H7;HQ;H5;DQ,0,CJ,H6,D8
8,C10;S8;S9;SA;S5;C6;D6;S7;D4;DA,1,D8,C10,C8
8,H4;H6;C2;D2;SQ;CA;H7;HQ;H5;DQ,0,C8,H4,S4
