1,S7;D10;HJ;H7;C6;HQ;H9;S2;D2;C8,0,S4,S7,CK
1,D3;H6;SJ;D5;C5;CQ;C7;D7;HA;S9,1,CK,D3,DQ
1,H3;S7;D10;HJ;H7;C6;H9;S2;D2;C8,0,DQ,H3,HQ
1,HK;D3;H6;SJ;D5;C5;C7;D7;HA;S9,1,HQ,HK,CQ
1,H10;H3;S7;HJ;H7;C6;H9;S2;D2;C8,0,CQ,H10,D10
1,S8;HK;D3;H6;D5;C5;C7;D7;HA;S9,1,D10,S8,SJ
1,D9;H10;H3;S7;HJ;H7;C6;H9;S2;D2,0,SJ,D9,C8
1,D8;S8;D3;H6;D5;C5;C7;D7;HA;S9,1,C8,D8,HK
1,H4;H10;H3;S7;HJ;H7;C6;H9;S2;D2,0,HK,H4,D9
1,D9;D8;S8;D3;H6;D5;C5;C7;D7;HA,1,D9,D9,S9
1,CA;H4;H10;H3;S7;HJ;C6;H9;S2;D2,0,S9,CA,H7
1,S5;D9;D8;D3;H6;D5;C5;C7;D7;HA,1,H7,S5,S8
1,S8;CA;H4;H10;H3;S7;HJ;H9;S2;D2,0,S8,S8,C6
1,SA;S5;D9;D8;D3;H6;D5;C5;D7;HA,1,C6,SA,C7
1,DA;CA;H4;H10;H3;S7;HJ;H9;S2;D2,0,C7,DA,S8
1,D4;SA;S5;D9;D8;D3;D5;C5;D7;HA,1,S8,D4,H6
1,C3;DA;CA;H4;H10;H3;HJ;H9;S2;D2,0,H6,C3,S7
1,D6;D4;SA;S5;D9;D8;D3;D5;D7;HA,1,S7,D6,C5
1,SQ;C3;DA;CA;H10;H3;HJ;H9;S2;D2,0,C5,SQ,H4
1,SK;D6;D4;SA;S5;D8;D3;D5;D7;HA,1,H4,SK,D9
1,C2;C3;DA;CA;H10;H3;HJ;H9;S2;D2,0,D9,C2,SQ
1,CJ;D6;D4;SA;S5;D8;D3;D5;D7;HA,1,SQ,CJ,SK
1,C10;C2;C3;DA;CA;H10;HJ;H9;S2;D2,0,SK,C10,H3
1,DJ;D6;D4;SA;S5;D8;D3;D5;D7;HA,1,H3,DJ,CJ
1,CJ;C10;C2;C3;DA;CA;H10;HJ;H9;S2,0,CJ,CJ,D2
1,S3;D6;D4;SA;S5;D8;D3;D5;D7;HA,1,D2,S3,DJ
1,H2;C10;C2;C3;DA;CA;H10;HJ;H9;S2,0,DJ,H2,CJ
1,C4;S3;D6;D4;SA;S5;D3;D5;D7;HA,1,CJ,C4,D8
1,DK;H2;C2;C3;DA;CA;H10;HJ;H9;S2,0,D8,DK,C10
1,C9;C4;S3;D6;D4;SA;D3;D5;D7;HA,1,C10,C9,S5
1,H5;H2;C2;C3;DA;CA;H10;HJ;H9;S2,0,S5,H5,DK
1,S10;C4;S3;D6;D4;SA;D3;D5;D7;HA,1,DK,S10,C9
1,S6;H2;C2;C3;DA;CA;H10;HJ;H9;S2,0,C9,S6,H5
1,H8;C4;S3;D6;D4;SA;D3;D5;D7;HA,1,H5,H8,S10
2,C2;S8;H9;H2;SJ;CJ;S2;SA;C3;S4,0,C2,C2,DK
2,H4;D8;C6;CQ;SK;S6;D10;DA;S5;HA,1,DK,H4,HQ
2,H5;C2;S8;H9;H2;SJ;S2;SA;C3;S4,0,HQ,H5,CJ
2,CK;H4;D8;C6;CQ;SK;S6;DA;S5;HA,1,CJ,CK,D10
2,HK;H5;C2;S8;H9;H2;S2;SA;C3;S4,0,D10,HK,SJ
2,C4;CK;H4;D8;C6;CQ;S6;DA;S5;HA,1,SJ,C4,SK
2,CA;H5;C2;S8;H9;H2;S2;SA;C3;S4,0,SK,CA,HK
2,H7;C4;CK;H4;D8;C6;S6;DA;S5;HA,1,HK,H7,CQ
2,D9;CA;H5;C2;S8;H2;S2;SA;C3;S4,0,CQ,D9,H9
2,D4;H7;C4;H4;D8;C6;S6;DA;S5;HA,1,H9,D4,CK
2,H10;CA;H5;C2;S8;H2;S2;SA;C3;S4,0,CK,H10,D9
2,HJ;D4;H7;C4;H4;C6;S6;DA;S5;HA,1,D9,HJ,D8
2,C7;CA;H5;C2;S8;H2;S2;SA;C3;S4,0,D8,C7,H10
2,D3;D4;H7;C4;H4;C6;S6;DA;S5;HA,1,H10,D3,HJ
2,C5;C7;CA;H5;C2;H2;S2;SA;C3;S4,0,HJ,C5,S8
2,D7;D3;D4;C4;H4;C6;S6;DA;S5;HA,1,S8,D7,H7
2,D2;C5;CA;H5;C2;H2;S2;SA;C3;S4,0,H7,D2,C7
2,D5;D3;D4;C4;H4;C6;S6;DA;S5;HA,1,C7,D5,D7
2,H3;D2;C5;CA;C2;H2;S2;SA;C3;S4,0,D7,H3,H5
2,SQ;D5;D3;D4;C4;H4;C6;DA;S5;HA,1,H5,SQ,S6
2,S7;H3;D2;CA;C2;H2;S2;SA;C3;S4,0,S6,S7,C5
2,C5;D5;D3;D4;C4;H4;C6;DA;S5;HA,1,C5,C5,SQ
2,DQ;H3;D2;CA;C2;H2;S2;SA;C3;S4,0,SQ,DQ,S7
2,H8;C5;D5;D3;D4;C4;H4;C6;DA;HA,1,S7,H8,S5
2,S5;H3;D2;CA;C2;H2;S2;SA;C3;S4,0,S5,S5,DQ
2,DJ;C5;D5;D3;D4;C4;H4;C6;DA;HA,1,DQ,DJ,H8
2,S9;H3;D2;CA;C2;H2;S2;SA;C3;S4,0,H8,S9,S5
2,C8;C5;D5;D3;D4;C4;H4;C6;DA;HA,1,S5,C8,DJ
2,C10;H3;D2;CA;C2;H2;S2;SA;C3;S4,0,DJ,C10,S9
2,S3;C5;D5;D3;D4;C4;H4;C6;DA;HA,1,S9,S3,C8
2,S10;H3;D2;CA;C2;H2;S2;SA;C3;S4,0,C8,S10,C10
2,C9;S3;C5;D5;D3;D4;C4;C6;DA;HA,1,C10,C9,H4
2,H4;H3;D2;CA;C2;H2;S2;SA;C3;S4,0,H4,H4,S10
2,H6;S3;C5;D5;D3;D4;C4;C6;DA;HA,1,S10,H6,C9
2,D6;H4;H3;D2;CA;C2;H2;S2;SA;C3,0,C9,D6,S4
3,H2;C10;HJ;D9;DK;D6;S2;H5;D5;H9,1,C6,H2,SK
3,S3;D3;D2;S5;HA;H10;CA;S8;DA;D10,0,SK,S3,DJ
3,C9;H2;C10;HJ;D9;D6;S2;H5;D5;H9,1,DJ,C9,DK
3,S6;S3;D3;D2;S5;HA;H10;CA;S8;DA,0,DK,S6,D10
3,CQ;C9;H2;C10;D9;D6;S2;H5;D5;H9,1,D10,CQ,HJ
3,HJ;S6;S3;D3;D2;S5;HA;H10;CA;DA,0,HJ,HJ,S8
3,C5;CQ;C9;H2;D9;D6;S2;H5;D5;H9,1,S8,C5,C10
3,S9;S6;S3;D3;D2;S5;HA;H10;CA;DA,0,C10,S9,HJ
3,CK;C5;C9;H2;D9;D6;S2;H5;D5;H9,1,HJ,CK,CQ
3,C7;S9;S6;S3;D3;D2;S5;HA;CA;DA,0,CQ,C7,H10
3,H6;C5;C9;H2;D9;D6;S2;H5;D5;H9,1,H10,H6,CK
3,S7;C7;S6;S3;D3;D2;S5;HA;CA;DA,0,CK,S7,S9
3,C3;H6;C5;C9;H2;D9;S2;H5;D5;H9,1,S9,C3,D6
3,CJ;S7;S6;S3;D3;D2;S5;HA;CA;DA,0,D6,CJ,C7
3,H7;C3;C5;C9;H2;D9;S2;H5;D5;H9,1,C7,H7,H6
3,H4;S7;S6;S3;D3;D2;S5;HA;CA;DA,0,H6,H4,CJ
3,SA;C3;C5;C9;H2;D9;S2;H5;D5;H9,1,CJ,SA,H7
3,D4;S7;S6;S3;D3;D2;S5;HA;CA;DA,0,H7,D4,H4
4,S2;HA;DQ;H2;CK;H5;D9;S6;H6;CA,1,DK,S2,HQ
4,D5;C8;H9;CJ;H4;H10;D10;C7;S8;H8,0,HQ,D5,DJ
4,S3;S2;HA;DQ;H2;H5;D9;S6;H6;CA,1,DJ,S3,CK
4,HK;D5;C8;H9;H4;H10;D10;C7;S8;H8,0,CK,HK,CJ
4,H7;S3;S2;HA;H2;H5;D9;S6;H6;CA,1,CJ,H7,DQ
4,SA;D5;C8;H9;H4;H10;D10;C7;S8;H8,0,DQ,SA,HK
4,C10;H7;S3;S2;HA;H2;H5;S6;H6;CA,1,HK,C10,D9
4,D9;SA;D5;C8;H9;H4;H10;C7;S8;H8,0,D9,D9,D10
4,C6;H7;S3;S2;HA;H2;H5;S6;H6;CA,1,D10,C6,C10
4,C3;SA;D5;C8;H9;H4;H10;C7;S8;H8,0,C10,C3,D9
4,D4;C6;H7;S3;S2;HA;H2;H5;H6;CA,1,D9,D4,S6
4,H3;C3;SA;D5;C8;H9;H4;H10;C7;H8,0,S6,H3,S8
4,CQ;D4;H7;S3;S2;HA;H2;H5;H6;CA,1,S8,CQ,C6
4,C6;H3;C3;SA;C8;H9;H4;H10;C7;H8,0,C6,C6,D5
4,HJ;D4;H7;S3;S2;HA;H2;H5;H6;CA,1,D5,HJ,CQ
4,SK;C6;H3;C3;SA;C8;H9;H10;C7;H8,0,CQ,SK,H4
4,H4;D4;H7;S3;S2;HA;H2;H5;H6;CA,1,H4,H4,HJ
4,HJ;C6;H3;C3;SA;C8;H9;H10;C7;H8,0,HJ,HJ,SK
4,S10;H4;H7;S3;S2;HA;H2;H5;H6;CA,1,SK,S10,D4
4,D6;HJ;C6;H3;SA;C8;H9;H10;C7;H8,0,D4,D6,C3
4,C2;H4;H7;S3;S2;HA;H2;H5;H6;CA,1,C3,C2,S10
4,C5;HJ;C6;H3;SA;C8;H9;H10;C7;H8,0,S10,C5,D6
5,D9;S6;SA;CA;S4;D7;C7;C9;H9;H8,1,D9,D9,HQ
5,HK;H10;H4;C10;D3;H3;C5;C8;HA;S3,0,HQ,HK,CK
5,HJ;D9;S6;SA;CA;S4;D7;C7;C9;H9,1,CK,HJ,H8
5,H6;H10;H4;C10;D3;H3;C5;C8;HA;S3,0,H8,H6,HK
5,H7;D9;S6;SA;CA;S4;D7;C7;C9;H9,1,HK,H7,HJ
5,HJ;H6;H10;H4;D3;H3;C5;C8;HA;S3,0,HJ,HJ,C10
5,S7;H7;D9;SA;CA;S4;D7;C7;C9;H9,1,C10,S7,S6
5,S8;H6;H10;H4;D3;H3;C5;C8;HA;S3,0,S6,S8,HJ
5,D6;S7;H7;D9;SA;CA;S4;D7;C7;C9,1,HJ,D6,H9
5,S5;S8;H6;H4;D3;H3;C5;C8;HA;S3,0,H9,S5,H10
5,S2;D6;S7;H7;D9;SA;CA;S4;D7;C7,1,H10,S2,C9
5,C9;S5;H6;H4;D3;H3;C5;C8;HA;S3,0,C9,C9,S8
5,H2;S2;D6;S7;H7;SA;CA;S4;D7;C7,1,S8,H2,D9
5,C4;S5;H6;H4;D3;H3;C5;C8;HA;S3,0,D9,C4,C9
5,C2;H2;S2;S7;H7;SA;CA;S4;D7;C7,1,C9,C2,D6
5,SK;C4;S5;H6;H4;D3;H3;C5;HA;S3,0,D6,SK,C8
5,DA;C2;H2;S2;S7;H7;SA;CA;D7;C7,1,C8,DA,S4
5,S4;C4;S5;H6;H4;D3;H3;C5;HA;S3,0,S4,S4,SK
5,DK;DA;C2;H2;S7;H7;SA;CA;D7;C7,1,SK,DK,S2
5,DJ;S4;C4;S5;H4;D3;H3;C5;HA;S3,0,S2,DJ,H6
5,C3;DA;C2;H2;S7;H7;SA;CA;D7;C7,1,H6,C3,DK
5,SJ;S4;C4;S5;H4;D3;H3;C5;HA;S3,0,DK,SJ,DJ
5,S9;C3;DA;C2;S7;H7;SA;CA;D7;C7,1,DJ,S9,H2
5,H2;S4;C4;S5;H4;D3;H3;C5;HA;S3,0,H2,H2,SJ
5,D2;C3;DA;C2;S7;H7;SA;CA;D7;C7,1,SJ,D2,S9
5,D8;H2;S4;C4;S5;H4;D3;H3;HA;S3,0,S9,D8,C5
5,D4;C3;DA;C2;S7;H7;SA;CA;D7;C7,1,C5,D4,D2
5,D2;H2;S4;C4;S5;H4;D3;H3;HA;S3,0,D2,D2,D8
5,D5;C3;DA;C2;S7;H7;SA;CA;D7;C7,1,D8,D5,D4
5,D4;D2;H2;S4;S5;H4;D3;H3;HA;S3,0,D4,D4,C4
6,D5;C10;C8;SJ;CJ;S8;D2;H5;H7;D4,0,D5,D5,HQ
6,S3;D9;S6;DA;DK;D3;CK;HA;H10;S5,1,HQ,S3,D10
6,H4;D5;C10;C8;SJ;S8;D2;H5;H7;D4,0,D10,H4,CJ
6,S2;S3;D9;S6;DA;DK;D3;CK;HA;S5,1,CJ,S2,H10
6,S10;H4;D5;C10;C8;S8;D2;H5;H7;D4,0,H10,S10,SJ
6,H2;S2;S3;D9;S6;DA;DK;D3;HA;S5,1,SJ,H2,CK
6,C3;S10;H4;D5;C8;S8;D2;H5;H7;D4,0,CK,C3,C10
6,C7;H2;S2;S3;D9;S6;DA;D3;HA;S5,1,C10,C7,DK
6,S4;C3;H4;D5;C8;S8;D2;H5;H7;D4,0,DK,S4,S10
6,S9;C7;H2;S2;S3;S6;DA;D3;HA;S5,1,S10,S9,D9
6,SQ;S4;C3;H4;D5;C8;D2;H5;H7;D4,0,D9,SQ,S8
6,SK;C7;H2;S2;S3;S6;DA;D3;HA;S5,1,S8,SK,S9
6,C6;S4;C3;H4;D5;C8;D2;H5;H7;D4,0,S9,C6,SQ
6,DQ;C7;H2;S2;S3;S6;DA;D3;HA;S5,1,SQ,DQ,SK
6,SA;C6;S4;C3;H4;D5;D2;H5;H7;D4,0,SK,SA,C8
6,C4;C7;H2;S2;S3;S6;DA;D3;HA;S5,1,C8,C4,DQ
6,H9;SA;C6;S4;C3;H4;D5;D2;H5;D4,0,DQ,H9,H7
6,HJ;C4;H2;S2;S3;S6;DA;D3;HA;S5,1,H7,HJ,C7
6,C7;SA;C6;S4;C3;H4;D5;D2;H5;D4,0,C7,C7,H9
6,DJ;C4;H2;S2;S3;S6;DA;D3;HA;S5,1,H9,DJ,HJ
6,D8;SA;C6;S4;C3;H4;D5;D2;H5;D4,0,HJ,D8,C7
6,C9;C4;H2;S2;S3;S6;DA;D3;HA;S5,1,C7,C9,DJ
6,H6;SA;C6;S4;C3;H4;D5;D2;H5;D4,0,DJ,H6,D8
6,H3;C4;H2;S2;S3;S6;DA;D3;HA;S5,1,D8,H3,C9
6,C5;H6;SA;S4;C3;H4;D5;D2;H5;D4,0,C9,C5,C6
6,S7;H3;C4;H2;S2;S3;DA;D3;HA;S5,1,C6,S7,S6
6,CQ;C5;SA;S4;C3;H4;D5;D2;H5;D4,0,S6,CQ,H6
6,H8;H3;C4;H2;S2;S3;DA;D3;HA;S5,1,H6,H8,S7
6,HK;C5;SA;S4;C3;H4;D5;D2;H5;D4,0,S7,HK,CQ
6,C2;H3;C4;H2;S2;S3;DA;D3;HA;S5,1,CQ,C2,H8
6,D6;C5;SA;S4;C3;H4;D5;D2;H5;D4,0,H8,D6,HK
6,D7;C2;H3;C4;H2;S2;S3;DA;D3;HA,1,HK,D7,S5
6,S5;C5;SA;S4;C3;H4;D5;D2;H5;D4,0,S5,S5,D6
6,CA;C2;H3;C4;H2;S2;S3;DA;D3;HA,1,D6,CA,D7
7,S5;DK;C3;S6;C5;H2;H4;DJ;C4;H6,1,CQ,S5,H10
7,H10;CA;S2;H9;S8;C2;S3;HK;C9;DA,0,H10,H10,SK
7,H3;S5;DK;C3;S6;C5;H2;H4;C4;H6,1,SK,H3,DJ
7,D2;H10;CA;S2;H9;S8;C2;S3;C9;DA,0,DJ,D2,HK
7,CJ;H3;S5;C3;S6;C5;H2;H4;C4;H6,1,HK,CJ,DK
7,SJ;D2;CA;S2;H9;S8;C2;S3;C9;DA,0,DK,SJ,H10
7,SQ;H3;S5;C3;S6;C5;H2;H4;C4;H6,1,H10,SQ,CJ
7,D4;D2;CA;S2;H9;S8;C2;S3;C9;DA,0,CJ,D4,SJ
7,S9;H3;S5;C3;S6;C5;H2;H4;C4;H6,1,SJ,S9,SQ
7,HJ;D4;D2;CA;S2;H9;S8;C2;S3;DA,0,SQ,HJ,C9
7,C10;H3;S5;C3;S6;C5;H2;H4;C4;H6,1,C9,C10,S9
7,S9;D4;D2;CA;S2;H9;S8;C2;S3;DA,0,S9,S9,HJ
7,CK;H3;S5;C3;S6;C5;H2;H4;C4;H6,1,HJ,CK,C10
7,S10;S9;D4;D2;CA;S2;S8;C2;S3;DA,0,C10,S10,H9
7,C6;H3;S5;C3;S6;C5;H2;H4;C4;H6,1,H9,C6,CK
7,H5;S10;S9;D2;CA;S2;S8;C2;S3;DA,0,CK,H5,D4
7,D7;C6;H3;S5;C3;S6;C5;H2;H4;C4,1,D4,D7,H6
7,H6;H5;S10;S9;D2;CA;S2;S8;C2;DA,0,H6,H6,S3
7,DQ;C6;H3;S5;C3;S6;C5;H2;H4;C4,1,S3,DQ,D7
7,C7;H5;S10;S9;D2;CA;S2;S8;C2;DA,0,D7,C7,H6
7,C8;C6;H3;S5;C3;S6;C5;H2;H4;C4,1,H6,C8,DQ
7,D9;H5;S10;S9;D2;CA;S2;S8;C2;DA,0,DQ,D9,C7
7,C7;C6;H3;S5;C3;S6;C5;H2;H4;C4,1,C7,C7,C8
7,H8;H5;S10;S9;D2;CA;S2;S8;C2;DA,0,C8,H8,D9
7,D6;C7;C6;H3;S5;C3;C5;H2;H4;C4,1,D9,D6,S6
7,H7;H5;S10;S9;D2;CA;S2;S8;C2;DA,0,S6,H7,H8
7,SA;C7;C6;H3;S5;C3;C5;H2;H4;C4,1,H8,SA,D6
7,HA;H5;S10;S9;D2;CA;S2;S8;C2;DA,0,D6,HA,H7
7,D5;SA;C7;C6;H3;C3;C5;H2;H4;C4,1,H7,D5,S5
7,D10;HA;S10;S9;D2;CA;S2;S8;C2;DA,0,S5,D10,H5
7,S4;SA;C7;C6;H3;C3;C5;H2;H4;C4,1,H5,S4,D5
7,D8;HA;S10;S9;D2;CA;S2;S8;C2;DA,0,D5,D8,D10
7,S7;S4;SA;C7;C6;H3;C3;C5;H2;C4,1,D10,S7,H4
7,D3;HA;S10;S9;D2;CA;S2;S8;C2;DA,0,H4,D3,D8
7,HQ;S4;SA;C7;C6;H3;C3;C5;H2;C4,1,D8,HQ,S7
